,Club,Position,Player_Name,DOB,Nation,Contract_Expiry,Value,League
0,Ajax Amsterdam,Goalkeeper,André Onana,"Apr 2, 1996 (23)",Cameroon,30.06.2022,£31.50m,Eredivise
1,Ajax Amsterdam,Goalkeeper,Bruno Varela,"Nov 4, 1994 (24)",Portugal,30.06.2020,£2.70m,Eredivise
2,Ajax Amsterdam,Goalkeeper,Kjell Scherpen,"Jan 23, 2000 (19)",Netherlands,30.06.2023,£1.35m,Eredivise
3,Ajax Amsterdam,Goalkeeper,Benjamin van Leer,"Apr 9, 1992 (27)",Netherlands,30.06.2021,£810k,Eredivise
4,Ajax Amsterdam,Goalkeeper,Dominik Kotarski,"Feb 10, 2000 (19)",Croatia,30.06.2023,£450k,Eredivise
5,Ajax Amsterdam,Defender,Daley Blind,"Mar 9, 1990 (29)",Netherlands,30.06.2022,£21.60m,Eredivise
6,Ajax Amsterdam,Defender,Edson Álvarez,"Oct 24, 1997 (21)",Mexico,30.06.2024,£11.70m,Eredivise
7,Ajax Amsterdam,Defender,Lisandro Martínez,"Jan 18, 1998 (21)",Argentina,30.06.2023,£5.40m,Eredivise
8,Ajax Amsterdam,Defender,Kik Pierie,"Jul 20, 2000 (19)",Netherlands,30.06.2024,£3.60m,Eredivise
9,Ajax Amsterdam,Defender,Perr Schuurs,"Nov 26, 1999 (19)",Netherlands,30.06.2022,£1.80m,Eredivise
10,Ajax Amsterdam,Defender,Nicolás Tagliafico,"Aug 31, 1992 (27)",Argentina,30.06.2022,£25.20m,Eredivise
11,Ajax Amsterdam,Defender,Noussair Mazraoui,"Nov 14, 1997 (21)",Morocco,30.06.2022,£16.20m,Eredivise
12,Ajax Amsterdam,Defender,Joël Veltman,"Jan 15, 1992 (27)",Netherlands,30.06.2021,£6.30m,Eredivise
13,Ajax Amsterdam,Defender,Sergiño Dest,"Nov 3, 2000 (18)",United States,30.06.2022,£540k,Eredivise
14,Ajax Amsterdam,Midfielder,Carel Eiting,"Feb 11, 1998 (21)",Netherlands,30.06.2022,£3.60m,Eredivise
15,Ajax Amsterdam,Midfielder,Razvan Marin,"May 23, 1996 (23)",Romania,30.06.2024,£12.15m,Eredivise
16,Ajax Amsterdam,Midfielder,Ryan Gravenberch,"May 16, 2002 (17)",Netherlands,30.06.2021,£4.50m,Eredivise
17,Ajax Amsterdam,Midfielder,Jurgen Ekkelenkamp,"Apr 5, 2000 (19)",Netherlands,30.06.2022,£1.35m,Eredivise
18,Ajax Amsterdam,Midfielder,Donny van de Beek,"Apr 18, 1997 (22)",Netherlands,30.06.2022,£36.00m,Eredivise
19,Ajax Amsterdam,Midfielder,Zakaria Labyad,"Mar 9, 1993 (26)",Morocco,30.06.2022,£3.60m,Eredivise
20,Ajax Amsterdam,Midfielder,Siem de Jong,"Jan 28, 1989 (30)",Netherlands,30.06.2020,£1.80m,Eredivise
21,Ajax Amsterdam,Midfielder,Noa Lang,"Jun 17, 1999 (20)",Netherlands,30.06.2021,£900k,Eredivise
22,Ajax Amsterdam,Forward,Dusan Tadic,"Nov 20, 1988 (30)",Serbia,30.06.2023,£22.50m,Eredivise
23,Ajax Amsterdam,Forward,Quincy Promes,"Jan 4, 1992 (27)",Netherlands,30.06.2024,£16.20m,Eredivise
24,Ajax Amsterdam,Forward,Hassane Bandé,"Oct 30, 1998 (20)",Burkina Faso,30.06.2023,£6.75m,Eredivise
25,Ajax Amsterdam,Forward,David Neres,"Mar 3, 1997 (22)",Brazil,30.06.2023,£40.50m,Eredivise
26,Ajax Amsterdam,Forward,Hakim Ziyech,"Mar 19, 1993 (26)",Morocco,30.06.2022,£36.00m,Eredivise
27,Ajax Amsterdam,Forward,Klaas-Jan Huntelaar,"Aug 12, 1983 (36)",Netherlands,30.06.2020,£900k,Eredivise
28,Ajax Amsterdam,Forward,Lassina Traoré,"Jan 12, 2001 (18)",Burkina Faso,30.06.2022,£900k,Eredivise
29,PSV Eindhoven,Goalkeeper,Jeroen Zoet,"Jan 6, 1991 (28)",Netherlands,30.06.2021,£10.80m,Eredivise
30,PSV Eindhoven,Goalkeeper,Lars Unnerstall,"Jul 20, 1990 (29)",Germany,30.06.2021,£3.15m,Eredivise
31,PSV Eindhoven,Goalkeeper,Robbin Ruiter,"Mar 25, 1987 (32)",Netherlands,30.06.2021,£1.35m,Eredivise
32,PSV Eindhoven,Goalkeeper,Yanick van Osch,"Mar 24, 1997 (22)",Netherlands,30.06.2020,£450k,Eredivise
33,PSV Eindhoven,Defender,Timo Baumgartl,"Mar 4, 1996 (23)",Germany,30.06.2024,£8.10m,Eredivise
34,PSV Eindhoven,Defender,Nick Viergever,"Aug 3, 1989 (30)",Netherlands,30.06.2022,£3.60m,Eredivise
35,PSV Eindhoven,Defender,Daniel Schwaab,"Aug 23, 1988 (31)",Germany,30.06.2020,£3.15m,Eredivise
36,PSV Eindhoven,Defender,Toni Lato,"Nov 21, 1997 (21)",Spain,30.06.2020,£4.50m,Eredivise
37,PSV Eindhoven,Defender,Olivier Boscagli,"Nov 18, 1997 (21)",France,30.06.2023,£2.70m,Eredivise
38,PSV Eindhoven,Defender,Denzel Dumfries,"Apr 18, 1996 (23)",Netherlands,30.06.2023,£13.50m,Eredivise
39,PSV Eindhoven,Defender,Jordan Teze,"Sep 30, 1999 (19)",Netherlands,30.06.2021,£450k,Eredivise
40,PSV Eindhoven,Midfielder,Pablo Rosario,"Jan 7, 1997 (22)",Netherlands,30.06.2023,£11.70m,Eredivise
41,PSV Eindhoven,Midfielder,Jorrit Hendrix,"Feb 6, 1995 (24)",Netherlands,30.06.2021,£6.75m,Eredivise
42,PSV Eindhoven,Midfielder,Érick Gutiérrez,"Jun 15, 1995 (24)",Mexico,30.06.2023,£5.85m,Eredivise
43,PSV Eindhoven,Midfielder,Michal Sadilek,"May 31, 1999 (20)",Czech Republic,30.06.2022,£2.70m,Eredivise
44,PSV Eindhoven,Midfielder,Ryan Thomas,"Dec 20, 1994 (24)",New Zealand,30.06.2022,£2.25m,Eredivise
45,PSV Eindhoven,Midfielder,Ibrahim Afellay,"Apr 2, 1986 (33)",Netherlands,30.06.2020,£1.35m,Eredivise
46,PSV Eindhoven,Midfielder,Gastón Pereiro,"Jun 11, 1995 (24)",Uruguay,30.06.2020,£10.80m,Eredivise
47,PSV Eindhoven,Midfielder,Mohamed Ihattaren,"Feb 12, 2002 (17)",Netherlands,30.06.2022,£6.30m,Eredivise
48,PSV Eindhoven,Forward,Steven Bergwijn,"Oct 8, 1997 (21)",Netherlands,30.06.2023,£31.50m,Eredivise
49,PSV Eindhoven,Forward,Bruma,"Oct 24, 1994 (24)",Portugal,30.06.2023,£9.00m,Eredivise
50,PSV Eindhoven,Forward,Cody Gakpo,"May 7, 1999 (20)",Netherlands,30.06.2023,£3.60m,Eredivise
51,PSV Eindhoven,Forward,Ritsu Doan,"Jun 16, 1998 (21)",Japan,30.06.2024,£9.00m,Eredivise
52,PSV Eindhoven,Forward,Sam Lammers,"Apr 30, 1997 (22)",Netherlands,30.06.2021,£8.10m,Eredivise
53,PSV Eindhoven,Forward,Donyell Malen,"Jan 19, 1999 (20)",Netherlands,30.06.2024,£6.30m,Eredivise
54,PSV Eindhoven,Forward,Konstantinos Mitroglou,"Mar 12, 1988 (31)",Greece,30.06.2020,£6.30m,Eredivise
55,Feyenoord Rotterdam,Goalkeeper,Justin Bijlow,"Jan 22, 1998 (21)",Netherlands,30.06.2023,£2.70m,Eredivise
56,Feyenoord Rotterdam,Goalkeeper,Kenneth Vermeer,"Jan 10, 1986 (33)",Netherlands,30.06.2020,£1.80m,Eredivise
57,Feyenoord Rotterdam,Goalkeeper,Nick Marsman,"Oct 1, 1990 (28)",Netherlands,30.06.2021,£585k,Eredivise
58,Feyenoord Rotterdam,Goalkeeper,Elber Evora,"Dec 2, 1999 (19)",Cape Verde,30.06.2020,£68k,Eredivise
59,Feyenoord Rotterdam,Defender,Marcos Senesi,"May 10, 1997 (22)",Argentina,30.06.2023,£6.30m,Eredivise
60,Feyenoord Rotterdam,Defender,Edgar Ié,"May 1, 1994 (25)",Portugal,30.06.2020,£3.15m,Eredivise
61,Feyenoord Rotterdam,Defender,Sven van Beek,"Jul 28, 1994 (25)",Netherlands,30.06.2021,£2.70m,Eredivise
62,Feyenoord Rotterdam,Defender,Jan-Arie van der Heijden,"Mar 3, 1988 (31)",Netherlands,30.06.2020,£1.80m,Eredivise
63,Feyenoord Rotterdam,Defender,Eric Botteghin,"Aug 31, 1987 (32)",Brazil,30.06.2020,£1.80m,Eredivise
64,Feyenoord Rotterdam,Defender,Lutsharel Geertruida,"Jul 18, 2000 (19)",Netherlands,30.06.2020,£450k,Eredivise
65,Feyenoord Rotterdam,Defender,George Johnston,"Sep 1, 1998 (21)",Scotland,30.06.2021,-,Eredivise
66,Feyenoord Rotterdam,Defender,Ridgeciano Haps,"Jun 12, 1993 (26)",Netherlands,30.06.2022,£3.60m,Eredivise
67,Feyenoord Rotterdam,Defender,Tyrell Malacia,"Aug 17, 1999 (20)",Netherlands,30.06.2023,£2.70m,Eredivise
68,Feyenoord Rotterdam,Defender,Rick Karsdorp,"Feb 11, 1995 (24)",Netherlands,30.06.2020,£6.30m,Eredivise
69,Feyenoord Rotterdam,Midfielder,Renato Tapia,"Jul 28, 1995 (24)",Peru,30.06.2020,£2.70m,Eredivise
70,Feyenoord Rotterdam,Midfielder,Leroy Fer,"Jan 5, 1990 (29)",Netherlands,30.06.2020,£5.40m,Eredivise
71,Feyenoord Rotterdam,Midfielder,Yassin Ayoub,"Mar 6, 1994 (25)",Morocco,30.06.2022,£3.15m,Eredivise
72,Feyenoord Rotterdam,Midfielder,Wouter Burger,"Feb 16, 2001 (18)",Netherlands,30.06.2023,£900k,Eredivise
73,Feyenoord Rotterdam,Midfielder,Achraf El Bouchataoui,"Jan 12, 2000 (19)",Netherlands,30.06.2022,£90k,Eredivise
74,Feyenoord Rotterdam,Midfielder,Jens Toornstra,"Apr 4, 1989 (30)",Netherlands,30.06.2022,£3.60m,Eredivise
75,Feyenoord Rotterdam,Midfielder,Orkun Kökcü,"Dec 29, 2000 (18)",Turkey,30.06.2023,£2.70m,Eredivise
76,Feyenoord Rotterdam,Midfielder,Liam Kelly,"Nov 22, 1995 (23)",Ireland,30.06.2022,£900k,Eredivise
77,Feyenoord Rotterdam,Forward,Sam Larsson,"Apr 10, 1993 (26)",Sweden,30.06.2021,£5.40m,Eredivise
78,Feyenoord Rotterdam,Forward,Steven Berghuis,"Dec 19, 1991 (27)",Netherlands,30.06.2022,£10.80m,Eredivise
79,Feyenoord Rotterdam,Forward,Luciano Narsingh,"Sep 13, 1990 (29)",Netherlands,30.06.2021,£2.25m,Eredivise
80,Feyenoord Rotterdam,Forward,Luis Sinisterra,"Jun 17, 1999 (20)",Colombia,30.06.2021,£900k,Eredivise
81,Feyenoord Rotterdam,Forward,Nicolai Jörgensen,"Jan 15, 1991 (28)",Denmark,30.06.2021,£6.75m,Eredivise
82,Feyenoord Rotterdam,Forward,Naoufal Bannis,"Mar 11, 2002 (17)",Netherlands,30.06.2021,-,Eredivise
83,AZ Alkmaar,Goalkeeper,Marco Bizot,"Mar 10, 1991 (28)",Netherlands,30.06.2021,£4.05m,Eredivise
84,AZ Alkmaar,Goalkeeper,Jasper Schendelaar,"Sep 2, 2000 (19)",Netherlands,30.06.2021,£675k,Eredivise
85,AZ Alkmaar,Goalkeeper,Rody de Boer,"Aug 22, 1997 (22)",Netherlands,30.06.2022,£360k,Eredivise
86,AZ Alkmaar,Defender,Stijn Wuytens,"Oct 8, 1989 (29)",Belgium,30.06.2020,£1.35m,Eredivise
87,AZ Alkmaar,Defender,Pantelis Hatzidiakos,"Jan 18, 1997 (22)",Greece,30.06.2021,£720k,Eredivise
88,AZ Alkmaar,Defender,Ron Vlaar,"Feb 16, 1985 (34)",Netherlands,30.06.2020,£675k,Eredivise
89,AZ Alkmaar,Defender,Leon Bergsma,"Jan 25, 1997 (22)",Netherlands,30.06.2022,£270k,Eredivise
90,AZ Alkmaar,Defender,Joris Kramer,"Aug 2, 1996 (23)",Netherlands,30.06.2021,£270k,Eredivise
91,AZ Alkmaar,Defender,Thomas Ouwejan,"Sep 30, 1996 (22)",Netherlands,30.06.2022,£2.70m,Eredivise
92,AZ Alkmaar,Defender,Owen Wijndal,"Nov 28, 1999 (19)",Netherlands,30.06.2023,£900k,Eredivise
93,AZ Alkmaar,Defender,Jonas Svensson,"Mar 6, 1993 (26)",Norway,30.06.2021,£3.60m,Eredivise
94,AZ Alkmaar,Defender,Yukinari Sugawara,"Jun 28, 2000 (19)",Japan,30.06.2020,£225k,Eredivise
95,AZ Alkmaar,Midfielder,Jordy Clasie,"Jun 27, 1991 (28)",Netherlands,30.06.2021,£4.95m,Eredivise
96,AZ Alkmaar,Midfielder,Teun Koopmeiners,"Feb 28, 1998 (21)",Netherlands,30.06.2022,£4.50m,Eredivise
97,AZ Alkmaar,Midfielder,Fredrik Midtsjö,"Aug 11, 1993 (26)",Norway,30.06.2022,£3.60m,Eredivise
98,AZ Alkmaar,Midfielder,Dani de Wit,"Jan 28, 1998 (21)",Netherlands,30.06.2024,£900k,Eredivise
99,AZ Alkmaar,Midfielder,Tijjani Reijnders,"Jul 29, 1998 (21)",Netherlands,30.06.2023,£630k,Eredivise
100,AZ Alkmaar,Midfielder,Kenzo Goudmijn,"Dec 18, 2001 (17)",Netherlands,30.06.2020,£540k,Eredivise
101,AZ Alkmaar,Forward,Oussama Idrissi,"Feb 26, 1996 (23)",Morocco,30.06.2022,£4.50m,Eredivise
102,AZ Alkmaar,Forward,Calvin Stengs,"Dec 18, 1998 (20)",Netherlands,30.06.2023,£6.30m,Eredivise
103,AZ Alkmaar,Forward,Albert Gudmundsson,"Jun 15, 1997 (22)",Iceland,30.06.2022,£2.25m,Eredivise
104,AZ Alkmaar,Forward,Zakaria Aboukhlal,"Feb 18, 2000 (19)",Netherlands,30.06.2023,£540k,Eredivise
105,AZ Alkmaar,Forward,Myron Boadu,"Jan 14, 2001 (18)",Netherlands,30.06.2023,£1.80m,Eredivise
106,AZ Alkmaar,Forward,Ferdy Druijf,"Feb 12, 1998 (21)",Netherlands,30.06.2023,£1.13m,Eredivise
107,AZ Alkmaar,Forward,Fred Friday,"May 22, 1995 (24)",Nigeria,30.06.2020,£315k,Eredivise
108,FC Utrecht,Goalkeeper,David Jensen,"Mar 25, 1992 (27)",Denmark,30.06.2021,£2.25m,Eredivise
109,FC Utrecht,Goalkeeper,Thijmen Nijhuis,"Jul 25, 1998 (21)",Netherlands,30.06.2022,£225k,Eredivise
110,FC Utrecht,Goalkeeper,Maarten Paes,"May 14, 1998 (21)",Netherlands,30.06.2021,£180k,Eredivise
111,FC Utrecht,Defender,Justin Hoogma,"Jun 11, 1998 (21)",Netherlands,30.06.2020,£2.25m,Eredivise
112,FC Utrecht,Defender,Willem Janssen,"Jul 4, 1986 (33)",Netherlands,30.06.2021,£1.80m,Eredivise
113,FC Utrecht,Defender,Christopher Mamengi,"Apr 3, 2001 (18)",Netherlands,30.06.2023,£90k,Eredivise
114,FC Utrecht,Defender,Leon Guwara,"Jun 28, 1996 (23)",Germany,30.06.2021,£810k,Eredivise
115,FC Utrecht,Defender,Sean Klaiber,"Jul 31, 1994 (25)",Netherlands,30.06.2022,£2.70m,Eredivise
116,FC Utrecht,Defender,Giovanni Troupée,"Mar 20, 1998 (21)",Netherlands,30.06.2021,£1.13m,Eredivise
117,FC Utrecht,Defender,Mark van der Maarel,"Aug 12, 1989 (30)",Netherlands,30.06.2021,£900k,Eredivise
118,FC Utrecht,Midfielder,Rico Strieder,"Jul 6, 1992 (27)",Germany,30.06.2021,£1.13m,Eredivise
119,FC Utrecht,Midfielder,Adam Maher,"Jul 20, 1993 (26)",Netherlands,30.06.2022,£3.60m,Eredivise
120,FC Utrecht,Midfielder,Joris van Overeem,"Jun 1, 1994 (25)",Netherlands,30.06.2022,£1.58m,Eredivise
121,FC Utrecht,Midfielder,Urby Emanuelson,"Jun 16, 1986 (33)",Netherlands,30.06.2020,£1.13m,Eredivise
122,FC Utrecht,Midfielder,Simon Gustafson,"Jan 11, 1995 (24)",Sweden,30.06.2022,£2.70m,Eredivise
123,FC Utrecht,Midfielder,Sander van de Streek,"Mar 24, 1993 (26)",Netherlands,30.06.2021,£2.70m,Eredivise
124,FC Utrecht,Midfielder,Bart Ramselaar,"Jun 29, 1996 (23)",Netherlands,30.06.2022,£2.25m,Eredivise
125,FC Utrecht,Midfielder,Justin Lonwijk,"Dec 21, 1999 (19)",Netherlands,30.06.2022,£315k,Eredivise
126,FC Utrecht,Forward,Patrick Joosten,"Apr 14, 1996 (23)",Netherlands,30.06.2020,£810k,Eredivise
127,FC Utrecht,Forward,Gyrano Kerk,"Dec 2, 1995 (23)",Netherlands,30.06.2023,£3.15m,Eredivise
128,FC Utrecht,Forward,Vaclav Cerny,"Oct 17, 1997 (21)",Czech Republic,30.06.2022,£900k,Eredivise
129,FC Utrecht,Forward,Adrián Dalmau,"Mar 23, 1994 (25)",Spain,30.06.2022,£3.60m,Eredivise
130,FC Utrecht,Forward,Jean-Christophe Bahebeck,"May 1, 1993 (26)",France,30.06.2020,£1.35m,Eredivise
131,FC Utrecht,Forward,Issah Abass,"Sep 26, 1998 (20)",Ghana,30.06.2023,£1.13m,Eredivise
132,FC Utrecht,Forward,Simon Makienok,"Nov 21, 1990 (28)",Denmark,30.06.2020,£720k,Eredivise
133,Vitesse Arnhem,Goalkeeper,Konstantinos Lamprou,"Sep 18, 1991 (27)",Greece,30.06.2020,£630k,Eredivise
134,Vitesse Arnhem,Goalkeeper,Jamal Blackman,"Oct 27, 1993 (25)",England,30.06.2020,£450k,Eredivise
135,Vitesse Arnhem,Goalkeeper,Jeroen Houwen,"Feb 18, 1996 (23)",Netherlands,30.06.2021,£360k,Eredivise
136,Vitesse Arnhem,Goalkeeper,Remko Pasveer,"Nov 8, 1983 (35)",Netherlands,30.06.2020,£225k,Eredivise
137,Vitesse Arnhem,Defender,Tomas Hajek,"Dec 1, 1991 (27)",Czech Republic,30.06.2022,£810k,Eredivise
138,Vitesse Arnhem,Defender,Armando Obispo,"Mar 5, 1999 (20)",Netherlands,30.06.2020,£675k,Eredivise
139,Vitesse Arnhem,Defender,Danilho Doekhi,"Jun 30, 1998 (21)",Netherlands,30.06.2022,£675k,Eredivise
140,Vitesse Arnhem,Defender,Max Clark,"Jan 19, 1996 (23)",England,30.06.2021,£675k,Eredivise
141,Vitesse Arnhem,Defender,Eli Dasa,"Dec 3, 1992 (26)",Israel,30.06.2022,£1.35m,Eredivise
142,Vitesse Arnhem,Defender,Julian Lelieveld,"Nov 24, 1997 (21)",Netherlands,30.06.2020,£450k,Eredivise
143,Vitesse Arnhem,Midfielder,Riechedly Bazoer,"Oct 12, 1996 (22)",Netherlands,30.06.2022,£2.25m,Eredivise
144,Vitesse Arnhem,Midfielder,Matus Bero,"Sep 6, 1995 (24)",Slovakia,30.06.2022,£1.80m,Eredivise
145,Vitesse Arnhem,Midfielder,Charly Musonda Jr.,"Oct 15, 1996 (22)",Belgium,30.06.2020,£1.80m,Eredivise
146,Vitesse Arnhem,Midfielder,Navarone Foor,"Feb 4, 1992 (27)",Netherlands,30.06.2020,£1.58m,Eredivise
147,Vitesse Arnhem,Midfielder,Richie Musaba,"Dec 6, 2000 (18)",Netherlands,30.06.2022,-,Eredivise
148,Vitesse Arnhem,Forward,Bryan Linssen,"Oct 8, 1990 (28)",Netherlands,30.06.2020,£2.70m,Eredivise
149,Vitesse Arnhem,Forward,Oussama Tannane,"Mar 23, 1994 (25)",Morocco,30.06.2022,£1.13m,Eredivise
150,Vitesse Arnhem,Forward,Roy Beerens,"Dec 22, 1987 (31)",Netherlands,30.06.2021,£810k,Eredivise
151,Vitesse Arnhem,Forward,Hilary Gong,"Oct 10, 1998 (20)",Nigeria,30.06.2022,£405k,Eredivise
152,Vitesse Arnhem,Forward,Thomas Buitink,"Jun 14, 2000 (19)",Netherlands,30.06.2022,£2.25m,Eredivise
153,Vitesse Arnhem,Forward,Tim Matavz,"Jan 13, 1989 (30)",Slovenia,30.06.2020,£1.80m,Eredivise
154,Vitesse Arnhem,Forward,Nouha Dicko,"May 14, 1992 (27)",Mali,30.06.2020,£1.35m,Eredivise
155,Vitesse Arnhem,Forward,Jay-Roy Grot,"Mar 13, 1998 (21)",Netherlands,30.06.2020,£1.13m,Eredivise
156,Vitesse Arnhem,Forward,Oussama Darfalou,"Sep 29, 1993 (25)",Algeria,30.06.2022,£900k,Eredivise
157,SC Heerenveen,Goalkeeper,Warner Hahn,"Jun 15, 1992 (27)",Netherlands,30.06.2020,£1.35m,Eredivise
158,SC Heerenveen,Goalkeeper,Filip Bednarek,"Sep 26, 1992 (26)",Poland,30.06.2020,£225k,Eredivise
159,SC Heerenveen,Goalkeeper,Trevor Doornbusch,"Jul 6, 1999 (20)",Netherlands,30.06.2020,£90k,Eredivise
160,SC Heerenveen,Defender,Daniel Höegh,"Jan 6, 1991 (28)",Denmark,06.2020,£1.35m,Eredivise
161,SC Heerenveen,Defender,Ibrahim Dresevic,"Jan 24, 1997 (22)",Kosovo,30.06.2022,£450k,Eredivise
162,SC Heerenveen,Defender,Andreas Skovgaard,"Mar 27, 1997 (22)",Denmark,30.06.2022,£360k,Eredivise
163,SC Heerenveen,Defender,Sven Botman,"Jan 12, 2000 (19)",Netherlands,30.06.2020,£270k,Eredivise
164,SC Heerenveen,Defender,Lucas Woudenberg,"Apr 25, 1994 (25)",Netherlands,30.06.2022,£810k,Eredivise
165,SC Heerenveen,Defender,Van Hau Doan,"Apr 19, 1999 (20)",Vietnam,30.06.2020,£135k,Eredivise
166,SC Heerenveen,Defender,Ricardo van Rhijn,"Jun 13, 1991 (28)",Netherlands,30.06.2020,£900k,Eredivise
167,SC Heerenveen,Defender,Sherel Floranus,"Aug 23, 1998 (21)",Netherlands,30.06.2021,£540k,Eredivise
168,SC Heerenveen,Midfielder,Hicham Faik,"Mar 19, 1992 (27)",Netherlands,30.06.2022,£720k,Eredivise
169,SC Heerenveen,Midfielder,Joey Veerman,"Nov 19, 1998 (20)",Netherlands,30.06.2022,£315k,Eredivise
170,SC Heerenveen,Midfielder,Hamdi Akujobi,"Jan 20, 2000 (19)",Netherlands,30.06.2022,£68k,Eredivise
171,SC Heerenveen,Midfielder,Jordy Bruijn,"Jul 23, 1996 (23)",Netherlands,30.06.2021,£405k,Eredivise
172,SC Heerenveen,Midfielder,Rodney Kongolo,"Jan 9, 1998 (21)",Netherlands,30.06.2022,£360k,Eredivise
173,SC Heerenveen,Midfielder,Jan Ras,"Jan 28, 1999 (20)",Netherlands,-,-,Eredivise
174,SC Heerenveen,Midfielder,Alen Halilovic,"Jun 18, 1996 (23)",Croatia,30.06.2020,£1.80m,Eredivise
175,SC Heerenveen,Midfielder,Emil Frederiksen,"Sep 5, 2000 (19)",Denmark,30.06.2022,£135k,Eredivise
176,SC Heerenveen,Midfielder,Rami Hajal,"Sep 17, 2001 (17)",Sweden,30.06.2021,-,Eredivise
177,SC Heerenveen,Forward,Chidera Ejuke,"Jan 2, 1998 (21)",Nigeria,30.06.2023,£1.80m,Eredivise
178,SC Heerenveen,Forward,Nemanja Mihajlovic,"Jan 19, 1996 (23)",Serbia,30.06.2021,£720k,Eredivise
179,SC Heerenveen,Forward,Arjen van der Heide,"Nov 19, 2001 (17)",Netherlands,30.06.2020,-,Eredivise
180,SC Heerenveen,Forward,Mitchell van Bergen,"Aug 27, 1999 (20)",Netherlands,30.06.2022,£2.70m,Eredivise
181,SC Heerenveen,Forward,Anders Dreyer,"May 2, 1998 (21)",Denmark,30.06.2020,£540k,Eredivise
182,SC Heerenveen,Forward,Jens Odgaard,"Mar 31, 1999 (20)",Denmark,30.06.2022,£1.62m,Eredivise
183,FC Groningen,Goalkeeper,Sergio Padt,"Jun 6, 1990 (29)",Netherlands,30.06.2021,£1.80m,Eredivise
184,FC Groningen,Goalkeeper,Jan Hoekstra,"Aug 4, 1998 (21)",Netherlands,30.06.2022,£180k,Eredivise
185,FC Groningen,Goalkeeper,Marco van Duin,"Feb 11, 1987 (32)",Netherlands,30.06.2020,£68k,Eredivise
186,FC Groningen,Goalkeeper,Jan de Boer,"May 20, 2000 (19)",Netherlands,30.06.2020,-,Eredivise
187,FC Groningen,Defender,Samir Memisevic,"Aug 13, 1993 (26)",Bosnia-Herzegovina,30.06.2021,£2.25m,Eredivise
188,FC Groningen,Defender,Mike te Wierik,"Jun 8, 1992 (27)",Netherlands,30.06.2020,£1.13m,Eredivise
189,FC Groningen,Defender,Ko Itakura,"Jan 27, 1997 (22)",Japan,30.06.2020,£450k,Eredivise
190,FC Groningen,Defender,Django Warmerdam,"Sep 2, 1995 (24)",Netherlands,30.06.2020,£900k,Eredivise
191,FC Groningen,Defender,Bart van Hintum,"Jan 16, 1987 (32)",Netherlands,30.06.2021,£360k,Eredivise
192,FC Groningen,Defender,Amir Absalem,"Jun 19, 1997 (22)",Netherlands,30.06.2021,£270k,Eredivise
193,FC Groningen,Defender,Deyovaisio Zeefuik,"Mar 11, 1998 (21)",Netherlands,30.06.2021,£900k,Eredivise
194,FC Groningen,Defender,Tapmahoe Sopacua,"May 4, 2000 (19)",Netherlands,30.06.2020,£68k,Eredivise
195,FC Groningen,Midfielder,Azor Matusiwa,"Apr 28, 1998 (21)",Netherlands,30.06.2023,£900k,Eredivise
196,FC Groningen,Midfielder,Ahmed El Messaoudi,"Aug 3, 1995 (24)",Morocco,30.06.2022,£900k,Eredivise
197,FC Groningen,Midfielder,Nicklas Strunck Jakobsen,"Aug 17, 1999 (20)",Denmark,30.06.2023,£540k,Eredivise
198,FC Groningen,Midfielder,Ramon Pascal Lundqvist,"May 10, 1997 (22)",Sweden,30.06.2023,£540k,Eredivise
199,FC Groningen,Midfielder,Ajdin Hrustic,"Jul 5, 1996 (23)",Australia,30.06.2021,£450k,Eredivise
200,FC Groningen,Midfielder,Sam Schreck,"Jan 29, 1999 (20)",Germany,30.06.2023,£360k,Eredivise
201,FC Groningen,Midfielder,Daniël van Kaam,"Jun 23, 2000 (19)",Netherlands,30.06.2020,£180k,Eredivise
202,FC Groningen,Forward,Mo El Hankouri,"Jul 1, 1997 (22)",Morocco,30.06.2021,£450k,Eredivise
203,FC Groningen,Forward,Michael Breij,"Jan 15, 1997 (22)",Netherlands,30.06.2020,£360k,Eredivise
204,FC Groningen,Forward,Gabriel Gudmundsson,"Apr 29, 1999 (20)",Sweden,30.06.2022,£270k,Eredivise
205,FC Groningen,Forward,Joel Asoro,"Apr 27, 1999 (20)",Sweden,30.06.2020,£1.80m,Eredivise
206,FC Groningen,Forward,Kaj Sierhuis,"Apr 27, 1998 (21)",Netherlands,30.06.2020,£1.13m,Eredivise
207,FC Groningen,Forward,Charlison Benschop,"Aug 21, 1989 (30)",Curacao,30.06.2021,£450k,Eredivise
208,FC Groningen,Forward,Thijs Dallinga,"Aug 3, 2000 (19)",Netherlands,30.06.2021,£68k,Eredivise
209,FC Groningen,Forward,Romano Postema,"Feb 7, 2002 (17)",Netherlands,30.06.2022,-,Eredivise
210,Heracles Almelo,Goalkeeper,Janis Blaswich,"May 2, 1991 (28)",Germany,30.06.2021,£900k,Eredivise
211,Heracles Almelo,Goalkeeper,Michael Brouwer,"Jan 21, 1993 (26)",Netherlands,30.06.2020,£90k,Eredivise
212,Heracles Almelo,Goalkeeper,Koen Bucker,"Jun 18, 1996 (23)",Netherlands,30.06.2020,£45k,Eredivise
213,Heracles Almelo,Defender,Dario van den Buijs,"Sep 12, 1995 (24)",Belgium,30.06.2020,£810k,Eredivise
214,Heracles Almelo,Defender,Maximilian Rossmann,"May 6, 1995 (24)",Germany,30.06.2020,£810k,Eredivise
215,Heracles Almelo,Defender,Robin Pröpper,"Sep 23, 1993 (25)",Netherlands,30.06.2020,£720k,Eredivise
216,Heracles Almelo,Defender,Mats Knoester,"Nov 19, 1998 (20)",Netherlands,30.06.2021,£180k,Eredivise
217,Heracles Almelo,Defender,Stephen Sama,"Mar 5, 1993 (26)",Germany,30.06.2020,£180k,Eredivise
218,Heracles Almelo,Defender,Jelle van Benthem,"Jan 22, 1999 (20)",Netherlands,30.06.2020,£45k,Eredivise
219,Heracles Almelo,Defender,Lennart Czyborra,"May 3, 1999 (20)",Germany,30.06.2021,£675k,Eredivise
220,Heracles Almelo,Defender,Jeff Hardeveld,"Feb 27, 1995 (24)",Netherlands,30.06.2020,£270k,Eredivise
221,Heracles Almelo,Defender,Tim Breukers,"Nov 4, 1987 (31)",Netherlands,30.06.2020,£630k,Eredivise
222,Heracles Almelo,Defender,Navajo Bakboord,"Jan 29, 1999 (20)",Netherlands,30.06.2021,£225k,Eredivise
223,Heracles Almelo,Midfielder,Sebastian Jakubiak,"Jun 21, 1993 (26)",Germany,30.06.2020,£270k,Eredivise
224,Heracles Almelo,Midfielder,Lucas Schoofs,"Jan 3, 1997 (22)",Belgium,30.06.2020,£225k,Eredivise
225,Heracles Almelo,Midfielder,Mohammed Osman,"Jan 1, 1994 (25)",Syria,30.06.2020,£1.58m,Eredivise
226,Heracles Almelo,Midfielder,Alexander Merkel,"Feb 22, 1992 (27)",Kazakhstan,30.06.2020,£1.13m,Eredivise
227,Heracles Almelo,Midfielder,Reuven Niemeijer,"Mar 27, 1995 (24)",Netherlands,30.06.2020,£630k,Eredivise
228,Heracles Almelo,Midfielder,Teun Bijleveld,"May 27, 1998 (21)",Netherlands,30.06.2021,£450k,Eredivise
229,Heracles Almelo,Midfielder,Orestis Kiomourtzoglou,"May 7, 1998 (21)",Germany,30.06.2021,£270k,Eredivise
230,Heracles Almelo,Midfielder,Mauro Júnior,"May 6, 1999 (20)",Brazil,30.06.2020,£1.80m,Eredivise
231,Heracles Almelo,Midfielder,Jesper Drost,"Jan 11, 1993 (26)",Netherlands,30.06.2020,£540k,Eredivise
232,Heracles Almelo,Midfielder,Adrian Szöke,"Jul 1, 1998 (21)",Serbia,30.06.2021,£113k,Eredivise
233,Heracles Almelo,Midfielder,Niels Leemhuis,"Sep 28, 1997 (21)",Netherlands,30.06.2020,£68k,Eredivise
234,Heracles Almelo,Forward,Dabney dos Santos,"Jul 31, 1996 (23)",Netherlands,30.06.2020,£450k,Eredivise
235,Heracles Almelo,Forward,Jeremy Cijntje,"Jan 8, 1998 (21)",Curacao,30.06.2022,£270k,Eredivise
236,Heracles Almelo,Forward,Silvester van der Water,"Sep 30, 1996 (22)",Netherlands,30.06.2021,£315k,Eredivise
237,Heracles Almelo,Forward,Cyriel Dessers,"Dec 8, 1994 (24)",Belgium,30.06.2022,£900k,Eredivise
238,Heracles Almelo,Forward,Joey Konings,"Apr 21, 1998 (21)",Netherlands,30.06.2020,£450k,Eredivise
239,PEC Zwolle,Goalkeeper,Xavier Mous,"Aug 4, 1995 (24)",Netherlands,30.06.2021,£540k,Eredivise
240,PEC Zwolle,Goalkeeper,Michael Zetterer,"Jul 12, 1995 (24)",Germany,30.06.2021,£315k,Eredivise
241,PEC Zwolle,Goalkeeper,Mike Hauptmeijer,"Mar 18, 1997 (22)",Netherlands,30.06.2020,£90k,Eredivise
242,PEC Zwolle,Defender,Thomas Lam,"Dec 18, 1993 (25)",Finland,30.06.2020,£900k,Eredivise
243,PEC Zwolle,Defender,Yuta Nakayama,"Feb 16, 1997 (22)",Japan,30.06.2022,£675k,Eredivise
244,PEC Zwolle,Defender,Darryl Lachman,"Nov 11, 1989 (29)",Curacao,30.06.2020,£630k,Eredivise
245,PEC Zwolle,Defender,Sam Kersten,"Jan 30, 1998 (21)",Netherlands,30.06.2021,£450k,Eredivise
246,PEC Zwolle,Defender,Etiënne Reijnen,"Apr 5, 1987 (32)",Netherlands,30.06.2021,£360k,Eredivise
247,PEC Zwolle,Defender,Marc Olivier Doue,"Oct 11, 2000 (18)",France,30.06.2021,-,Eredivise
248,PEC Zwolle,Defender,Kenneth Paal,"Jun 24, 1997 (22)",Netherlands,30.06.2022,£810k,Eredivise
249,PEC Zwolle,Defender,Bram van Polen,"Oct 11, 1985 (33)",Netherlands,30.06.2020,£585k,Eredivise
250,PEC Zwolle,Defender,Sai van Wermeskerken,"Jun 28, 1994 (25)",Japan,30.06.2021,£315k,Eredivise
251,PEC Zwolle,Midfielder,Rick Dekker,"Mar 15, 1995 (24)",Netherlands,30.06.2020,£585k,Eredivise
252,PEC Zwolle,Midfielder,Dean Huiberts,"May 16, 2000 (19)",Netherlands,30.06.2022,-,Eredivise
253,PEC Zwolle,Midfielder,Pelle Clement,"May 19, 1996 (23)",Netherlands,30.06.2021,£810k,Eredivise
254,PEC Zwolle,Midfielder,Gustavo Hamer,"Jun 24, 1997 (22)",Netherlands,30.06.2021,£675k,Eredivise
255,PEC Zwolle,Midfielder,Mustafa Saymak,"Feb 11, 1993 (26)",Netherlands,30.06.2022,£810k,Eredivise
256,PEC Zwolle,Midfielder,Thomas Bruns,"Jan 7, 1992 (27)",Netherlands,30.06.2020,£810k,Eredivise
257,PEC Zwolle,Midfielder,Iliass Bel Hassani,"Sep 16, 1992 (26)",Netherlands,30.06.2021,£720k,Eredivise
258,PEC Zwolle,Forward,Dennis Johnsen,"Feb 17, 1998 (21)",Norway,30.06.2020,£900k,Eredivise
259,PEC Zwolle,Forward,Vito van Crooij,"Jan 29, 1996 (23)",Netherlands,30.06.2022,£1.13m,Eredivise
260,PEC Zwolle,Forward,Jarno Westerman,"Jun 8, 2002 (17)",Netherlands,30.06.2022,-,Eredivise
261,PEC Zwolle,Forward,Reza Ghoochannejhad,"Sep 20, 1987 (31)",Iran,30.06.2021,£900k,Eredivise
262,PEC Zwolle,Forward,Mike van Duinen,"Nov 6, 1991 (27)",Netherlands,30.06.2021,£900k,Eredivise
263,PEC Zwolle,Forward,Lennart Thy,"Feb 25, 1992 (27)",Germany,30.06.2020,£765k,Eredivise
264,FC Twente Enschede,Goalkeeper,Joël Drommel,"Nov 16, 1996 (22)",Netherlands,30.06.2021,£675k,Eredivise
265,FC Twente Enschede,Goalkeeper,Jorn Brondeel,"Sep 7, 1993 (26)",Belgium,30.06.2021,£270k,Eredivise
266,FC Twente Enschede,Goalkeeper,Jeffrey de Lange,"Apr 1, 1998 (21)",Netherlands,30.06.2020,£45k,Eredivise
267,FC Twente Enschede,Defender,Peet Bijen,"Jan 28, 1995 (24)",Netherlands,30.06.2020,£540k,Eredivise
268,FC Twente Enschede,Defender,Julio Pleguezuelo,"Jan 26, 1997 (22)",Spain,30.06.2021,£270k,Eredivise
269,FC Twente Enschede,Defender,Xandro Schenk,"Apr 28, 1993 (26)",Netherlands,30.06.2020,£248k,Eredivise
270,FC Twente Enschede,Defender,Joel Latibeaudiere,"Jan 6, 2000 (19)",England,30.06.2020,-,Eredivise
271,FC Twente Enschede,Defender,Calvin Verdonk,"Apr 26, 1997 (22)",Netherlands,30.06.2020,£1.80m,Eredivise
272,FC Twente Enschede,Defender,Matos,"May 6, 1995 (24)",Spain,30.06.2020,£720k,Eredivise
273,FC Twente Enschede,Defender,Paul Verhaegh,"Sep 1, 1983 (36)",Netherlands,30.06.2020,£225k,Eredivise
274,FC Twente Enschede,Midfielder,Oriol Busquets,"Jan 20, 1999 (20)",Spain,30.06.2020,£2.25m,Eredivise
275,FC Twente Enschede,Midfielder,Wout Brama,"Aug 21, 1986 (33)",Netherlands,30.06.2020,£315k,Eredivise
276,FC Twente Enschede,Midfielder,Godfried Roemeratoe,"Aug 19, 1999 (20)",Netherlands,30.06.2020,£45k,Eredivise
277,FC Twente Enschede,Midfielder,Giorgi Aburjania,"Jan 2, 1995 (24)",Georgia,30.06.2021,£720k,Eredivise
278,FC Twente Enschede,Midfielder,Lindon Selahi,"Feb 26, 1999 (20)",Albania,30.06.2021,£135k,Eredivise
279,FC Twente Enschede,Midfielder,Ramiz Zerrouki,"May 26, 1998 (21)",Netherlands,30.06.2020,£68k,Eredivise
280,FC Twente Enschede,Midfielder,Jesse Bosch,"Feb 1, 2000 (19)",Netherlands,30.06.2020,-,Eredivise
281,FC Twente Enschede,Midfielder,Javier Espinosa,"Sep 19, 1992 (26)",Spain,30.06.2020,£1.13m,Eredivise
282,FC Twente Enschede,Midfielder,Tim Hölscher,"Jan 21, 1995 (24)",Germany,30.06.2020,£450k,Eredivise
283,FC Twente Enschede,Midfielder,Haris Vuckic,"Aug 21, 1992 (27)",Slovenia,30.06.2020,£360k,Eredivise
284,FC Twente Enschede,Forward,Rafik Zekhnini,"Jan 12, 1998 (21)",Norway,30.06.2020,£900k,Eredivise
285,FC Twente Enschede,Forward,Queensy Menig,"Aug 19, 1995 (24)",Netherlands,30.06.2021,£765k,Eredivise
286,FC Twente Enschede,Forward,Aitor Cantalapiedra,"Feb 10, 1996 (23)",Spain,30.06.2020,£1.35m,Eredivise
287,FC Twente Enschede,Forward,Keito Nakamura,"Jul 28, 2000 (19)",Japan,31.01.2022,£450k,Eredivise
288,FC Twente Enschede,Forward,Emil Berggreen,"May 10, 1993 (26)",Denmark,30.06.2020,£450k,Eredivise
289,FC Twente Enschede,Forward,Jari Oosterwijk,"Mar 3, 1995 (24)",Netherlands,30.06.2020,£450k,Eredivise
290,Willem II Tilburg,Goalkeeper,Timon Wellenreuther,"Dec 3, 1995 (23)",Germany,30.06.2020,£1.13m,Eredivise
291,Willem II Tilburg,Goalkeeper,Michael Woud,"Jan 16, 1999 (20)",New Zealand,30.06.2022,£270k,Eredivise
292,Willem II Tilburg,Goalkeeper,Connor van den Berg,"Mar 18, 2001 (18)",Netherlands,-,-,Eredivise
293,Willem II Tilburg,Defender,Sebastian Holmén,"Apr 29, 1992 (27)",Sweden,30.06.2021,£1.13m,Eredivise
294,Willem II Tilburg,Defender,João Queirós,"Apr 22, 1998 (21)",Portugal,30.06.2020,£720k,Eredivise
295,Willem II Tilburg,Defender,Jordens Peters,"May 3, 1987 (32)",Netherlands,30.06.2020,£675k,Eredivise
296,Willem II Tilburg,Defender,Freek Heerkens,"Sep 13, 1989 (30)",Netherlands,30.06.2021,£540k,Eredivise
297,Willem II Tilburg,Defender,Victor van den Bogert,"Aug 12, 1999 (20)",Netherlands,30.06.2020,£90k,Eredivise
298,Willem II Tilburg,Defender,Dylan Ryan,"Jun 10, 2000 (19)",Australia,30.06.2020,£90k,Eredivise
299,Willem II Tilburg,Defender,Miquel Nelom,"Sep 22, 1990 (28)",Netherlands,30.06.2020,£450k,Eredivise
300,Willem II Tilburg,Defender,James McGarry,"Apr 9, 1998 (21)",New Zealand,30.06.2020,£180k,Eredivise
301,Willem II Tilburg,Defender,Bart Nieuwkoop,"Mar 7, 1996 (23)",Netherlands,30.06.2020,£1.35m,Eredivise
302,Willem II Tilburg,Defender,Damil Dankerlui,"Aug 24, 1996 (23)",Netherlands,30.06.2020,£900k,Eredivise
303,Willem II Tilburg,Defender,Fernando Lewis,"Jan 31, 1993 (26)",Netherlands,30.06.2020,£810k,Eredivise
304,Willem II Tilburg,Defender,Justin Ogenia,"Feb 5, 1999 (20)",Curacao,30.06.2021,£68k,Eredivise
305,Willem II Tilburg,Midfielder,Jhonny Quiñónez,"Jun 11, 1998 (21)",Ecuador,30.06.2020,£450k,Eredivise
306,Willem II Tilburg,Midfielder,Pol Llonch,"Oct 7, 1992 (26)",Spain,30.06.2021,£1.13m,Eredivise
307,Willem II Tilburg,Midfielder,Dries Saddiki,"Aug 9, 1996 (23)",Netherlands,30.06.2021,£450k,Eredivise
308,Willem II Tilburg,Midfielder,Rick Zuijderwijk,"Apr 13, 2001 (18)",Netherlands,30.06.2021,-,Eredivise
309,Willem II Tilburg,Forward,Elton Kabangu,"Feb 8, 1998 (21)",Belgium,30.06.2022,£360k,Eredivise
310,Willem II Tilburg,Forward,Mike Trésor Ndayishimiye,"May 28, 1999 (20)",Belgium,30.06.2020,£315k,Eredivise
311,Willem II Tilburg,Forward,Mats Köhlert,"May 2, 1998 (21)",Germany,30.06.2022,£135k,Eredivise
312,Willem II Tilburg,Forward,Karim Coulibaly,"Jun 3, 1993 (26)",France,30.06.2020,£135k,Eredivise
313,Willem II Tilburg,Forward,Marios Vrousai,"Jul 2, 1998 (21)",Greece,30.06.2020,£900k,Eredivise
314,Willem II Tilburg,Forward,Ché Nunnely,"Feb 4, 1999 (20)",Netherlands,30.06.2022,£450k,Eredivise
315,Willem II Tilburg,Forward,Vangelis Pavlidis,"Nov 21, 1998 (20)",Greece,30.06.2022,£900k,Eredivise
316,Willem II Tilburg,Forward,Paul Gladon,"Mar 18, 1992 (27)",Netherlands,30.06.2021,£540k,Eredivise
317,Sparta Rotterdam,Goalkeeper,Ariel Harush,"Feb 8, 1988 (31)",Israel,30.06.2020,£675k,Eredivise
318,Sparta Rotterdam,Goalkeeper,Tim Coremans,"Apr 10, 1991 (28)",Netherlands,30.06.2021,£225k,Eredivise
319,Sparta Rotterdam,Goalkeeper,Michael Fabrie,"Nov 11, 1997 (21)",Netherlands,30.06.2020,£135k,Eredivise
320,Sparta Rotterdam,Defender,Jurgen Mattheij,"Apr 1, 1993 (26)",Netherlands,30.06.2020,£720k,Eredivise
321,Sparta Rotterdam,Defender,Bart Vriends,"May 9, 1991 (28)",Netherlands,30.06.2020,£360k,Eredivise
322,Sparta Rotterdam,Defender,Suently Alberto,"Jun 9, 1996 (23)",Curacao,30.06.2020,£90k,Eredivise
323,Sparta Rotterdam,Defender,Lassana Faye,"Jun 15, 1998 (21)",Netherlands,30.06.2020,£270k,Eredivise
324,Sparta Rotterdam,Defender,Khalid Karami,"Dec 29, 1989 (29)",Netherlands,30.06.2020,£450k,Eredivise
325,Sparta Rotterdam,Defender,Dirk Abels,"Jun 13, 1997 (22)",Netherlands,30.06.2021,£315k,Eredivise
326,Sparta Rotterdam,Defender,Abdallah Aberkane,"May 5, 2000 (19)",Netherlands,-,£45k,Eredivise
327,Sparta Rotterdam,Midfielder,Dante Rigo,"Dec 11, 1998 (20)",Belgium,30.06.2020,£1.35m,Eredivise
328,Sparta Rotterdam,Midfielder,Deroy Duarte,"Jul 4, 1999 (20)",Netherlands,30.06.2021,£1.35m,Eredivise
329,Sparta Rotterdam,Midfielder,Laros Duarte,"Feb 28, 1997 (22)",Netherlands,30.06.2022,£900k,Eredivise
330,Sparta Rotterdam,Midfielder,Abdou Harroui,"Jan 13, 1998 (21)",Netherlands,30.06.2022,£630k,Eredivise
331,Sparta Rotterdam,Midfielder,Adil Auassar,"Oct 6, 1986 (32)",Netherlands,30.06.2020,£360k,Eredivise
332,Sparta Rotterdam,Midfielder,Bryan Smeets,"Nov 22, 1992 (26)",Netherlands,30.06.2021,£450k,Eredivise
333,Sparta Rotterdam,Forward,Mohamed Rayhi,"Jul 1, 1994 (25)",Netherlands,30.06.2020,£675k,Eredivise
334,Sparta Rotterdam,Forward,Halil Dervisoglu,"Dec 8, 1999 (19)",Turkey,30.06.2021,£1.80m,Eredivise
335,Sparta Rotterdam,Forward,Joël Piroe,"Aug 2, 1999 (20)",Netherlands,30.06.2020,£900k,Eredivise
336,Sparta Rotterdam,Forward,Lars Veldwijk,"Aug 21, 1991 (28)",South Africa,30.06.2020,£810k,Eredivise
337,Sparta Rotterdam,Forward,Ragnar Ache,"Jul 28, 1998 (21)",Germany,30.06.2021,£405k,Eredivise
338,VVV-Venlo,Goalkeeper,Thorsten Kirschbaum,"Apr 20, 1987 (32)",Germany,30.06.2021,£180k,Eredivise
339,VVV-Venlo,Goalkeeper,Delano van Crooij,"Jun 5, 1991 (28)",Netherlands,30.06.2022,£180k,Eredivise
340,VVV-Venlo,Goalkeeper,Bram Verbong,"Dec 23, 1999 (19)",Netherlands,30.06.2021,£90k,Eredivise
341,VVV-Venlo,Goalkeeper,Jens Craenmehr,"Apr 30, 2002 (17)",Netherlands,30.06.2020,-,Eredivise
342,VVV-Venlo,Defender,Nils Röseler,"Feb 10, 1992 (27)",Germany,30.06.2020,£720k,Eredivise
343,VVV-Venlo,Defender,Damian van Bruggen,"Mar 18, 1996 (23)",Netherlands,30.06.2020,£450k,Eredivise
344,VVV-Venlo,Defender,Steffen Schäfer,"May 1, 1994 (25)",Germany,30.06.2021,£405k,Eredivise
345,VVV-Venlo,Defender,Christian Kum,"Sep 13, 1985 (34)",Netherlands,30.06.2020,£360k,Eredivise
346,VVV-Venlo,Defender,Stan van Dijck,"Oct 7, 2000 (18)",Netherlands,30.06.2020,£68k,Eredivise
347,VVV-Venlo,Defender,Samuel Scheimann,"Nov 3, 1987 (31)",Israel,30.06.2020,£360k,Eredivise
348,VVV-Venlo,Defender,Roel Janssen,"Jun 16, 1990 (29)",Netherlands,30.06.2020,£270k,Eredivise
349,VVV-Venlo,Defender,Tobias Pachonik,"Jan 4, 1995 (24)",Germany,30.06.2022,£450k,Eredivise
350,VVV-Venlo,Defender,Tristan Dekker,"Mar 27, 1998 (21)",Netherlands,30.06.2021,£360k,Eredivise
351,VVV-Venlo,Midfielder,Aaron Bastiaans,"Apr 4, 2002 (17)",Netherlands,30.06.2021,£68k,Eredivise
352,VVV-Venlo,Midfielder,Lee Cattermole,"Mar 21, 1988 (31)",England,30.06.2020,£2.70m,Eredivise
353,VVV-Venlo,Midfielder,Joep Munsters,"Mar 29, 2002 (17)",Netherlands,30.06.2020,£68k,Eredivise
354,VVV-Venlo,Midfielder,Danny Post,"Apr 7, 1989 (30)",Netherlands,30.06.2022,£765k,Eredivise
355,VVV-Venlo,Midfielder,Richard Neudecker,"Oct 29, 1996 (22)",Germany,30.06.2022,£720k,Eredivise
356,VVV-Venlo,Midfielder,Peter van Ooijen,"Feb 16, 1992 (27)",Netherlands,30.06.2020,£540k,Eredivise
357,VVV-Venlo,Midfielder,Evert Linthorst,"Mar 3, 2000 (19)",Netherlands,30.06.2020,£270k,Eredivise
358,VVV-Venlo,Midfielder,Simon Janssen,"Sep 25, 2000 (18)",Netherlands,30.06.2021,£90k,Eredivise
359,VVV-Venlo,Midfielder,Johnatan Opoku,"Apr 18, 1990 (29)",Netherlands,30.06.2020,£450k,Eredivise
360,VVV-Venlo,Midfielder,Paul Wienhoven,"Feb 18, 2000 (19)",Netherlands,30.06.2020,£68k,Eredivise
361,VVV-Venlo,Forward,John Yeboah,"Jun 23, 2000 (19)",Germany,30.06.2020,£720k,Eredivise
362,VVV-Venlo,Forward,Yahcuroo Roemer,"Jul 22, 2001 (18)",Netherlands,30.06.2020,£68k,Eredivise
363,VVV-Venlo,Forward,Jerome Sinclair,"Sep 20, 1996 (22)",England,30.06.2021,£1.35m,Eredivise
364,VVV-Venlo,Forward,Elia Soriano,"Jun 26, 1989 (30)",Italy,30.06.2020,£495k,Eredivise
365,VVV-Venlo,Forward,Haji Wright,"Mar 27, 1998 (21)",United States,30.06.2020,£450k,Eredivise
366,ADO Den Haag,Goalkeeper,Robert Zwinkels,"May 4, 1983 (36)",Netherlands,30.06.2020,£450k,Eredivise
367,ADO Den Haag,Goalkeeper,Luuk Koopmans,"Nov 18, 1993 (25)",Netherlands,30.06.2020,£315k,Eredivise
368,ADO Den Haag,Goalkeeper,Mike Havekotte,"Sep 12, 1995 (24)",Netherlands,30.06.2021,£68k,Eredivise
369,ADO Den Haag,Defender,Wilfried Kanon,"Jul 6, 1993 (26)",Cote d'Ivoire,30.06.2022,£1.80m,Eredivise
370,ADO Den Haag,Defender,Tom Beugelsdijk,"Aug 7, 1990 (29)",Netherlands,30.06.2021,£630k,Eredivise
371,ADO Den Haag,Defender,Shaquille Pinas,"Mar 19, 1998 (21)",Netherlands,30.06.2021,£450k,Eredivise
372,ADO Den Haag,Defender,Dehninio Muringen,"Feb 1, 1999 (20)",Netherlands,-,£45k,Eredivise
373,ADO Den Haag,Defender,Aaron Meijers,"Oct 28, 1987 (31)",Netherlands,30.06.2022,£765k,Eredivise
374,ADO Den Haag,Defender,Aleksandar Bjelica,"Jan 7, 1994 (25)",Serbia,30.06.2020,£315k,Eredivise
375,ADO Den Haag,Defender,Milan van Ewijk,"Sep 8, 2000 (19)",Netherlands,30.06.2022,£68k,Eredivise
376,ADO Den Haag,Defender,Robin Polley,"Dec 28, 1998 (20)",Netherlands,30.06.2021,£45k,Eredivise
377,ADO Den Haag,Midfielder,Dion Malone,"Feb 13, 1989 (30)",Netherlands,30.06.2020,£630k,Eredivise
378,ADO Den Haag,Midfielder,Danny Bakker,"Jan 16, 1995 (24)",Netherlands,30.06.2021,£900k,Eredivise
379,ADO Den Haag,Midfielder,Donny Gorter,"Jun 15, 1988 (31)",Netherlands,30.06.2020,£180k,Eredivise
380,ADO Den Haag,Midfielder,Maarten Rieder,"Sep 29, 1999 (19)",Germany,30.06.2021,£68k,Eredivise
381,ADO Den Haag,Midfielder,Lorenzo van Kleef,"Jan 26, 2001 (18)",Netherlands,-,-,Eredivise
382,ADO Den Haag,Midfielder,Mats van Kins,"Dec 17, 1998 (20)",Netherlands,30.06.2020,£90k,Eredivise
383,ADO Den Haag,Midfielder,Lex Immers,"Jun 8, 1986 (33)",Netherlands,30.06.2022,£765k,Eredivise
384,ADO Den Haag,Midfielder,Thom Haye,"Feb 9, 1995 (24)",Netherlands,30.06.2021,£540k,Eredivise
385,ADO Den Haag,Midfielder,Erik Falkenburg,"May 5, 1988 (31)",Netherlands,30.06.2021,£540k,Eredivise
386,ADO Den Haag,Midfielder,John Goossens,"Jul 25, 1988 (31)",Netherlands,30.06.2021,£270k,Eredivise
387,ADO Den Haag,Forward,Elson Hooi,"Oct 1, 1991 (27)",Curacao,30.06.2020,£540k,Eredivise
388,ADO Den Haag,Forward,Crysencio Summerville,"Oct 30, 2001 (17)",Netherlands,30.06.2020,£315k,Eredivise
389,ADO Den Haag,Forward,Bilal Ould-Chikh,"Jul 28, 1997 (22)",Netherlands,30.06.2021,£90k,Eredivise
390,ADO Den Haag,Forward,Yahya Boussakou,"Mar 4, 2000 (19)",Netherlands,30.06.2022,£45k,Eredivise
391,ADO Den Haag,Forward,Tomas Necid,"Aug 13, 1989 (30)",Czech Republic,30.06.2020,£900k,Eredivise
392,ADO Den Haag,Forward,Pawel Cibicki,"Jan 9, 1994 (25)",Sweden,30.06.2020,£810k,Eredivise
393,ADO Den Haag,Forward,Michiel Kramer,"Dec 3, 1988 (30)",Netherlands,30.06.2021,£720k,Eredivise
394,Fortuna Sittard,Goalkeeper,Alexei Coselev,"Nov 19, 1993 (25)",Moldova,30.06.2021,£1.35m,Eredivise
395,Fortuna Sittard,Goalkeeper,Azbe Jug,"Mar 3, 1992 (27)",Slovenia,30.06.2020,£270k,Eredivise
396,Fortuna Sittard,Goalkeeper,Rowen Koot,"Jul 20, 1999 (20)",Netherlands,30.06.2020,£68k,Eredivise
397,Fortuna Sittard,Defender,Martin Angha,"Jan 22, 1994 (25)",Switzerland,30.06.2021,£630k,Eredivise
398,Fortuna Sittard,Defender,Wessel Dammers,"Mar 1, 1995 (24)",Netherlands,30.06.2020,£450k,Eredivise
399,Fortuna Sittard,Defender,Branislav Ninaj,"May 17, 1994 (25)",Slovakia,30.06.2021,£450k,Eredivise
400,Fortuna Sittard,Defender,Grégoire Amiot,"May 10, 1995 (24)",France,30.06.2021,£270k,Eredivise
401,Fortuna Sittard,Defender,Cian Harries,"Apr 1, 1997 (22)",Wales,30.06.2020,£225k,Eredivise
402,Fortuna Sittard,Defender,Patrik Raitanen,"Jun 13, 2001 (18)",Finland,30.06.2023,£23k,Eredivise
403,Fortuna Sittard,Defender,Mica Pinto,"Jun 4, 1993 (26)",Portugal,30.06.2020,£585k,Eredivise
404,Fortuna Sittard,Defender,George Cox,"Jan 14, 1998 (21)",England,30.06.2020,-,Eredivise
405,Fortuna Sittard,Defender,Felix Passlack,"May 29, 1998 (21)",Germany,30.06.2020,£1.35m,Eredivise
406,Fortuna Sittard,Defender,Clint Essers,"Jan 21, 1997 (22)",Netherlands,30.06.2020,£315k,Eredivise
407,Fortuna Sittard,Midfielder,Jorrit Smeets,"Mar 25, 1995 (24)",Netherlands,30.06.2021,£585k,Eredivise
408,Fortuna Sittard,Midfielder,Tesfaldet Tekie,"Jun 4, 1997 (22)",Sweden,30.06.2021,£720k,Eredivise
409,Fortuna Sittard,Midfielder,Àlex Carbonell,"Sep 15, 1997 (22)",Spain,30.06.2020,£360k,Eredivise
410,Fortuna Sittard,Midfielder,Leandro Fernandes,"Dec 25, 1999 (19)",Netherlands,30.06.2020,£158k,Eredivise
411,Fortuna Sittard,Midfielder,Bo Breukers,"May 20, 1999 (20)",Netherlands,30.06.2021,£90k,Eredivise
412,Fortuna Sittard,Midfielder,Adnan Ugur,"Jun 28, 2001 (18)",Belgium,30.06.2022,£68k,Eredivise
413,Fortuna Sittard,Midfielder,Dimitrios Ioannidis,"Feb 13, 2000 (19)",Germany,30.06.2021,£68k,Eredivise
414,Fortuna Sittard,Midfielder,Mark Diemers,"Oct 11, 1993 (25)",Netherlands,30.06.2021,£1.58m,Eredivise
415,Fortuna Sittard,Midfielder,Amadou Ciss,"Sep 7, 1999 (20)",Senegal,30.06.2022,£180k,Eredivise
416,Fortuna Sittard,Midfielder,Nassim el Ablak,"Jan 7, 2000 (19)",Netherlands,30.06.2021,£68k,Eredivise
417,Fortuna Sittard,Forward,Jacky Donkor,"Nov 12, 1998 (20)",Belgium,30.06.2021,£68k,Eredivise
418,Fortuna Sittard,Forward,Djibril Dianessy,"Mar 29, 1996 (23)",France,30.06.2020,£270k,Eredivise
419,Fortuna Sittard,Forward,Áron Dobos,"Jun 8, 2000 (19)",Hungary,30.06.2022,£135k,Eredivise
420,Fortuna Sittard,Forward,Agim Zeka,"Sep 6, 1998 (21)",Albania,30.06.2020,£135k,Eredivise
421,Fortuna Sittard,Forward,Vitalie Damascan,"Jan 24, 1999 (20)",Moldova,30.06.2020,£900k,Eredivise
422,Fortuna Sittard,Forward,Rasmus Karjalainen,"Apr 4, 1996 (23)",Finland,30.06.2023,£315k,Eredivise
423,Fortuna Sittard,Forward,Bassala Sambou,"Oct 15, 1997 (21)",Germany,30.06.2022,£68k,Eredivise
424,FC Emmen,Goalkeeper,Matthias Hamrol,"Dec 31, 1993 (25)",Germany,30.06.2021,£360k,Eredivise
425,FC Emmen,Goalkeeper,Dennis Telgenkamp,"May 9, 1987 (32)",Netherlands,30.06.2020,£180k,Eredivise
426,FC Emmen,Goalkeeper,Stefan van der Lei,"Mar 5, 1993 (26)",Netherlands,30.06.2020,£135k,Eredivise
427,FC Emmen,Goalkeeper,Robin Jalving,"Apr 11, 2000 (19)",Netherlands,-,£45k,Eredivise
428,FC Emmen,Defender,Keziah Veendorp,"Feb 17, 1997 (22)",Netherlands,30.06.2020,£540k,Eredivise
429,FC Emmen,Defender,Michaël Heylen,"Jan 3, 1994 (25)",Belgium,30.06.2020,£405k,Eredivise
430,FC Emmen,Defender,Nick Bakker,"Jul 21, 1992 (27)",Netherlands,30.06.2021,£360k,Eredivise
431,FC Emmen,Defender,Leon Sopic,"Oct 28, 2000 (18)",Croatia,30.06.2021,£68k,Eredivise
432,FC Emmen,Defender,Ferhat Görgülü,"Oct 28, 1991 (27)",Netherlands,30.06.2021,£45k,Eredivise
433,FC Emmen,Defender,Jan-Niklas Beste,"Jan 4, 1999 (20)",Germany,30.06.2020,£450k,Eredivise
434,FC Emmen,Defender,Lorenzo Burnet,"Jan 11, 1991 (28)",Netherlands,30.06.2020,£315k,Eredivise
435,FC Emmen,Defender,Desevio Payne,"Nov 30, 1995 (23)",United States,30.06.2020,£90k,Eredivise
436,FC Emmen,Defender,Ruben Roosken,"Mar 2, 2000 (19)",Netherlands,-,£45k,Eredivise
437,FC Emmen,Defender,Daniel Camara Bos,"May 24, 1999 (20)",Netherlands,30.06.2019,£45k,Eredivise
438,FC Emmen,Midfielder,Glenn Bijl,"Jul 13, 1995 (24)",Netherlands,30.06.2022,£810k,Eredivise
439,FC Emmen,Midfielder,Tom Hiariej,"Jul 25, 1988 (31)",Netherlands,30.06.2020,£315k,Eredivise
440,FC Emmen,Midfielder,Filip Ugrinic,"Jan 5, 1999 (20)",Switzerland,30.06.2020,£675k,Eredivise
441,FC Emmen,Midfielder,Michael Chacón,"Apr 11, 1994 (25)",Netherlands,30.06.2021,£630k,Eredivise
442,FC Emmen,Midfielder,Henk Bos,"Nov 12, 1992 (26)",Netherlands,30.06.2020,£113k,Eredivise
443,FC Emmen,Midfielder,Robbert de Vos,"May 26, 1996 (23)",Netherlands,30.06.2020,£68k,Eredivise
444,FC Emmen,Midfielder,Sergio Peña,"Sep 28, 1995 (23)",Peru,30.06.2022,£630k,Eredivise
445,FC Emmen,Midfielder,Michael de Leeuw,"Oct 7, 1986 (32)",Netherlands,30.06.2020,£540k,Eredivise
446,FC Emmen,Midfielder,Wouter Marinus,"Feb 18, 1995 (24)",Netherlands,30.06.2020,£360k,Eredivise
447,FC Emmen,Forward,Anco Jansen,"Mar 9, 1989 (30)",Netherlands,30.06.2021,£630k,Eredivise
448,FC Emmen,Forward,Luciano Slagveer,"Oct 5, 1993 (25)",Netherlands,30.06.2020,£450k,Eredivise
449,FC Emmen,Forward,Shani Tarashaj,"Feb 7, 1995 (24)",Switzerland,30.06.2021,£450k,Eredivise
450,FC Emmen,Forward,Marko Kolar,"May 31, 1995 (24)",Croatia,30.06.2021,£540k,Eredivise
451,FC Emmen,Forward,Jafar Arias,"Jun 16, 1995 (24)",Curacao,30.06.2020,£450k,Eredivise
452,FC Emmen,Forward,Nikolai Laursen,"Feb 19, 1998 (21)",Denmark,30.06.2022,£270k,Eredivise
453,FC Emmen,Forward,Freddy Quispel,"Oct 23, 2000 (18)",Netherlands,-,£45k,Eredivise
454,RKC Waalwijk,Goalkeeper,Etienne Vaessen,"Jul 26, 1995 (24)",Netherlands,30.06.2022,£360k,Eredivise
455,RKC Waalwijk,Goalkeeper,Kees Heemskerk,"May 2, 1991 (28)",Netherlands,30.06.2020,£180k,Eredivise
456,RKC Waalwijk,Goalkeeper,Mike Grim,"Sep 7, 1996 (23)",Netherlands,30.06.2020,-,Eredivise
457,RKC Waalwijk,Defender,Melle Meulensteen,"Jul 4, 1999 (20)",Netherlands,30.06.2022,£315k,Eredivise
458,RKC Waalwijk,Defender,Hannes Delcroix,"Feb 28, 1999 (20)",Belgium,30.06.2020,£225k,Eredivise
459,RKC Waalwijk,Defender,Lars Nieuwpoort,"Oct 29, 1994 (24)",Netherlands,30.06.2021,£225k,Eredivise
460,RKC Waalwijk,Defender,Henrico Drost,"Jan 21, 1987 (32)",Netherlands,30.06.2020,£180k,Eredivise
461,RKC Waalwijk,Defender,Ingo van Weert,"Feb 8, 1994 (25)",Netherlands,30.06.2020,£135k,Eredivise
462,RKC Waalwijk,Defender,Dean van der Sluys,"Aug 29, 1995 (24)",Netherlands,30.06.2021,£315k,Eredivise
463,RKC Waalwijk,Defender,Paul Quasten,"Mar 13, 1985 (34)",Czech Republic,30.06.2020,£135k,Eredivise
464,RKC Waalwijk,Defender,Juriën Gaari,"Dec 23, 1993 (25)",Curacao,30.06.2021,£405k,Eredivise
465,RKC Waalwijk,Midfielder,Clint Leemans,"Sep 15, 1995 (24)",Netherlands,30.06.2020,£900k,Eredivise
466,RKC Waalwijk,Midfielder,Daan Rienstra,"Oct 6, 1992 (26)",Netherlands,30.06.2021,£225k,Eredivise
467,RKC Waalwijk,Midfielder,Hans Mulder,"Apr 27, 1987 (32)",Netherlands,30.06.2020,£180k,Eredivise
468,RKC Waalwijk,Midfielder,Nikki Baggerman,"Oct 17, 1997 (21)",Netherlands,30.06.2021,£158k,Eredivise
469,RKC Waalwijk,Midfielder,Anas Tahiri,"May 5, 1995 (24)",Belgium,30.06.2021,£540k,Eredivise
470,RKC Waalwijk,Midfielder,Stijn Spierings,"Mar 12, 1996 (23)",Netherlands,30.06.2020,£405k,Eredivise
471,RKC Waalwijk,Midfielder,Kevin Vermeulen,"Nov 20, 1990 (28)",Netherlands,30.06.2020,£225k,Eredivise
472,RKC Waalwijk,Midfielder,Nando Nöstlinger,"Jan 15, 1998 (21)",Belgium,30.06.2021,£90k,Eredivise
473,RKC Waalwijk,Forward,Lennerd Daneels,"Apr 10, 1998 (21)",Belgium,30.06.2021,£90k,Eredivise
474,RKC Waalwijk,Forward,Saïd Bakari,"Sep 22, 1994 (24)",Comoros,30.06.2020,£68k,Eredivise
475,RKC Waalwijk,Forward,Dylan Seys,"Sep 26, 1996 (22)",Belgium,30.06.2020,£630k,Eredivise
476,RKC Waalwijk,Forward,Stanley Elbers,"May 14, 1992 (27)",Netherlands,30.06.2020,£450k,Eredivise
477,RKC Waalwijk,Forward,Darren Maatsen,"Jan 30, 1991 (28)",Netherlands,30.06.2020,£315k,Eredivise
478,RKC Waalwijk,Forward,Jari Koenraat,"Sep 26, 1995 (23)",Netherlands,30.06.2020,£135k,Eredivise
479,RKC Waalwijk,Forward,Dylan Vente,"May 9, 1999 (20)",Netherlands,30.06.2020,£900k,Eredivise
480,RKC Waalwijk,Forward,Sylla Sow,"Aug 8, 1996 (23)",Netherlands,30.06.2021,£450k,Eredivise
481,RKC Waalwijk,Forward,Mario Bilate,"Jul 16, 1991 (28)",Netherlands,30.06.2021,£360k,Eredivise
