,Nation,Name,Club,League
347,Argentina,Cristian Ansaldi,Torino,Serie A
351,Argentina,Federico Fazio,Roma,Serie A
293,Argentina,Gabriel Mercado,Sevilla,La Liga
140,Argentina,Giovani Lo Celso,Paris Saint-Germain,Ligue 1
89,Argentina,Gonzalo Higuaín,Juventus,Serie A
104,Argentina,Lionel Messi,Barcelona,La Liga
192,Argentina,Lucas Biglia,Milan,Serie A
133,Argentina,Marcos Acuña,Sporting CP,Primeira Liga
233,Argentina,Marcos Rojo,Manchester United,Premier League
116,Argentina,Maximiliano Meza,Independiente,Argentine Primera División
344,Argentina,Nahuel Guzmán,UANL,Liga MX
202,Argentina,Nicolás Otamendi,Manchester City,Premier League
163,Argentina,Nicolás Tagliafico,Ajax,Eredivisie
90,Argentina,Paulo Dybala,Juventus,Serie A
203,Argentina,Sergio Agüero,Manchester City,Premier League
258,Argentina,Willy Caballero,Chelsea,Premier League
139,Argentina,Ángel Di María,Paris Saint-Germain,Ligue 1
294,Argentina,Éver Banega,Sevilla,La Liga
275,Australia,Aaron Mooy,Huddersfield Town,EFL Championship
272,Australia,Andrew Nabbout,Urawa Red Diamonds,J1 League
278,Australia,Daniel Arzani,Melbourne City,A-League
279,Australia,Dimitri Petratos,Newcastle Jets,A-League
280,Australia,Jackson Irvine,Hull City,EFL Championship
266,Australia,James Meredith,Millwall,EFL Championship
271,Australia,Massimo Luongo,Queens Park Rangers,EFL Championship
269,Australia,Mathew Leckie,Hertha BSC,Bundesliga
268,Australia,Matthew Jurman,Suwon Samsung Bluewings,K League 1
5,Australia,Mile Jedinak,Aston Villa,Premier League
265,Australia,Miloš Degenek,Yokohama F. Marinos,J1 League
267,Australia,Tim Cahill,Millwall,EFL Championship
283,Australia,Tom Rogic,Celtic,Scottish Premiership
286,Belgium,Dedryck Boyata,Celtic,Scottish Premiership
263,Belgium,Eden Hazard,Chelsea,Premier League
309,Belgium,Jan Vertonghen,Tottenham Hotspur,Premier League
210,Belgium,Kevin De Bruyne,Manchester City,Premier League
459,Belgium,Koen Casteels,VfL Wolfsburg,Bundesliga
413,Belgium,Leander Dendoncker,Anderlecht,Belgian First Division A
236,Belgium,Marouane Fellaini,Manchester United,Premier League
180,Belgium,Michy Batshuayi,Borussia Dortmund,Bundesliga
310,Belgium,Mousa Dembélé,Tottenham Hotspur,Premier League
2,Belgium,Nacer Chadli,West Bromwich Albion,EFL Championship
237,Belgium,Romelu Lukaku,Manchester United,Premier League
24,Belgium,Simon Mignolet,Liverpool,Premier League
262,Belgium,Thibaut Courtois,Chelsea,Premier League
146,Belgium,Thomas Meunier,Paris Saint-Germain,Ligue 1
109,Belgium,Thomas Vermaelen,Barcelona,La Liga
308,Belgium,Toby Alderweireld,Tottenham Hotspur,Premier League
209,Belgium,Vincent Kompany,Manchester City,Premier League
187,Belgium,Youri Tielemans,Monaco,Ligue 1
352,Brazil,Alisson,Roma,Serie A
205,Brazil,Danilo,Manchester City,Premier League
92,Brazil,Douglas Costa,Juventus,Serie A
207,Brazil,Ederson,Manchester City,Premier League
206,Brazil,Fernandinho,Manchester City,Premier League
83,Brazil,Filipe Luís,Atlético Madrid,La Liga
204,Brazil,Gabriel Jesus,Manchester City,Premier League
143,Brazil,Marquinhos,Paris Saint-Germain,Ligue 1
120,Brazil,Miranda,Inter Milan,Serie A
142,Brazil,Neymar,Paris Saint-Germain,Ligue 1
107,Brazil,Paulinho,Barcelona,La Liga
393,Brazil,Pedro Geromel,Grêmio,Campeonato Brasileiro Série A
106,Brazil,Philippe Coutinho,Barcelona,La Liga
394,Brazil,Renato Augusto,Beijing Sinobo Guoan,Chinese Super League
23,Brazil,Roberto Firmino,Liverpool,Premier League
141,Brazil,Thiago Silva,Paris Saint-Germain,Ligue 1
260,Brazil,Willian,Chelsea,Premier League
55,Colombia,Carlos Bacca,Villarreal,La Liga
401,Colombia,Carlos Sánchez,Espanyol,La Liga
195,Colombia,Cristián Zapata,Milan,Serie A
39,Colombia,David Ospina,Arsenal,Premier League
316,Colombia,Davinson Sánchez,Tottenham Hotspur,Premier League
251,Colombia,James Rodríguez,Bayern Munich,Bundesliga
113,Colombia,Johan Mojica,Girona,Segunda División
95,Colombia,Juan Cuadrado,Juventus,Serie A
296,Colombia,Luis Muriel,Sevilla,La Liga
437,Colombia,Mateus Uribe,América,Liga MX
188,Colombia,Radamel Falcao,Monaco,Ligue 1
373,Colombia,Santiago Arias,PSV Eindhoven,Eredivisie
110,Colombia,Yerry Mina,Barcelona,La Liga
432,Colombia,Óscar Murillo,Pachuca,Liga MX
405,Costa Rica,Bryan Oviedo,Sunderland,EFL League One
134,Costa Rica,Bryan Ruiz,Sporting CP,Primeira Liga
289,Costa Rica,Celso Borges,Deportivo La Coruña,Segunda División
402,Costa Rica,Christian Bolaños,Saprissa,Liga FPD
284,Costa Rica,Cristian Gamboa,Celtic,Scottish Premiership
403,Costa Rica,Daniel Colindres,Saprissa,Liga FPD
396,Costa Rica,Giancarlo González,Bologna,Serie A
406,Costa Rica,Joel Campbell,Real Betis,La Liga
404,Costa Rica,Johan Venegas,Saprissa,Liga FPD
395,Costa Rica,Johnny Acosta,Águilas Doradas,Categoría Primera A
409,Costa Rica,Kendall Waston,Vancouver Whitecaps FC,Major League Soccer
8,Costa Rica,Marco Ureña,Los Angeles FC,Major League Soccer
408,Costa Rica,Rodney Wallace,New York City FC,Major League Soccer
400,Costa Rica,Óscar Duarte,Espanyol,La Liga
356,Croatia,Andrej Kramarić,1899 Hoffenheim,Bundesliga
186,Croatia,Danijel Subašić,Monaco,Ligue 1
22,Croatia,Dejan Lovren,Liverpool,Premier League
174,Croatia,Domagoj Vida,Beşiktaş,Süper Lig
354,Croatia,Dominik Livaković,Dinamo Zagreb,Croatian First Football League
365,Croatia,Duje Ćaleta-Car,Red Bull Salzburg,Austrian Football Bundesliga
364,Croatia,Filip Bradarić,Rijeka,Croatian First Football League
118,Croatia,Ivan Perišić,Inter Milan,Serie A
105,Croatia,Ivan Rakitić,Barcelona,La Liga
358,Croatia,Lovre Kalinić,Gent,Belgian First Division A
119,Croatia,Marcelo Brozović,Inter Milan,Serie A
91,Croatia,Mario Mandžukić,Juventus,Serie A
168,Croatia,Marko Pjaca,Schalke 04,Bundesliga
367,Croatia,Milan Badelj,Fiorentina,Serie A
193,Croatia,Nikola Kalinić,Milan,Serie A
362,Croatia,Tin Jedvaj,Bayer Leverkusen,Bundesliga
70,Croatia,Vedran Ćorluka,Lokomotiv Moscow,Russian Premier League
82,Croatia,Šime Vrsaljko,Atlético Madrid,La Liga
255,Denmark,Andreas Christensen,Chelsea,Premier League
305,Denmark,Christian Eriksen,Tottenham Hotspur,Premier League
320,Denmark,Henrik Dalsgaard,Brentford,EFL Championship
321,Denmark,Jens Stryger Larsen,Udinese,Serie A
297,Denmark,Jonas Knudsen,Ipswich Town,EFL League One
277,Denmark,Jonas Lössl,Huddersfield Town,EFL Championship
161,Denmark,Kasper Dolberg,Ajax,Eredivisie
224,Denmark,Kasper Schmeichel,Leicester City,Premier League
162,Denmark,Lasse Schöne,Ajax,Eredivisie
318,Denmark,Lukas Lerager,Bordeaux,Ligue 1
317,Denmark,Martin Braithwaite,Bordeaux,Ligue 1
276,Denmark,Mathias Jørgensen,Huddersfield Town,EFL Championship
287,Denmark,Michael Krohn-Dehli,Deportivo La Coruña,Segunda División
127,Denmark,Pione Sisto,Celta Vigo,La Liga
291,Denmark,Simon Kjær,Sevilla,La Liga
302,Denmark,Thomas Delaney,Werder Bremen,Bundesliga
300,Denmark,Viktor Fischer,Copenhagen,Danish Superliga
299,Denmark,William Kvist,Copenhagen,Danish Superliga
324,Denmark,Yussuf Poulsen,RB Leipzig,Bundesliga
4,Egypt,Ahmed Elmohamady,Aston Villa,Premier League
11,Egypt,Ahmed Fathy,Al Ahly,Egyptian Premier League
1,Egypt,Ahmed Hegazi,West Bromwich Albion,EFL Championship
0,Egypt,Ali Gabr,West Bromwich Albion,EFL Championship
43,Egypt,Amr Warda,Atromitos,Super League Greece
13,Egypt,Ayman Ashraf,Al Ahly,Egyptian Premier League
19,Egypt,Mahmoud Hamdy,Zamalek,Egyptian Premier League
12,Egypt,Marwan Mohsen,Al Ahly,Egyptian Premier League
16,Egypt,Mohamed El Shenawy,Al Ahly,Egyptian Premier League
33,Egypt,Mohamed Elneny,Arsenal,Premier League
21,Egypt,Mohamed Salah,Liverpool,Premier League
7,Egypt,Omar Gaber,Los Angeles FC,Major League Soccer
28,Egypt,Ramadan Sobhi,Stoke City,EFL Championship
15,Egypt,Saad Samir,Al Ahly,Egyptian Premier League
10,Egypt,Sam Morsy,Wigan Athletic,EFL Championship
14,Egypt,Sherif Ekramy,Al Ahly,Egyptian Premier League
18,Egypt,Tarek Hamed,Zamalek,Egyptian Premier League
40,Egypt,Trézéguet,Kasımpaşa,Süper Lig
240,England,Ashley Young,Manchester United,Premier League
311,England,Danny Rose,Tottenham Hotspur,Premier League
38,England,Danny Welbeck,Arsenal,Premier League
315,England,Dele Alli,Tottenham Hotspur,Premier League
312,England,Eric Dier,Tottenham Hotspur,Premier League
214,England,Fabian Delph,Manchester City,Premier League
264,England,Gary Cahill,Chelsea,Premier League
313,England,Harry Kane,Tottenham Hotspur,Premier League
227,England,Harry Maguire,Leicester City,Premier League
30,England,Jack Butland,Stoke City,EFL Championship
228,England,Jamie Vardy,Leicester City,Premier League
238,England,Jesse Lingard,Manchester United,Premier League
212,England,John Stones,Manchester City,Premier League
25,England,Jordan Henderson,Liverpool,Premier League
380,England,Jordan Pickford,Everton,Premier League
314,England,Kieran Trippier,Tottenham Hotspur,Premier League
211,England,Kyle Walker,Manchester City,Premier League
241,England,Marcus Rashford,Manchester United,Premier League
378,England,Nick Pope,Burnley,Premier League
239,England,Phil Jones,Manchester United,Premier League
213,England,Raheem Sterling,Manchester City,Premier League
411,England,Ruben Loftus-Cheek,Crystal Palace,Premier League
26,England,Trent Alexander-Arnold,Liverpool,Premier League
331,France,Adil Rami,Marseille,Ligue 1
138,France,Alphonse Areola,Paris Saint-Germain,Ligue 1
80,France,Antoine Griezmann,Atlético Madrid,La Liga
201,France,Benjamin Mendy,Manchester City,Premier League
328,France,Benjamin Pavard,VfB Stuttgart,2. Bundesliga
88,France,Blaise Matuidi,Juventus,Serie A
243,France,Corentin Tolisso,Bayern Munich,Bundesliga
185,France,Djibril Sidibé,Monaco,Ligue 1
332,France,Florian Thauvin,Marseille,Ligue 1
306,France,Hugo Lloris,Tottenham Hotspur,Premier League
137,France,Kylian Mbappé,Paris Saint-Germain,Ligue 1
81,France,Lucas Hernandez,Atlético Madrid,La Liga
257,France,N'Golo Kanté,Chelsea,Premier League
216,France,Nabil Fekir,Lyon,Ligue 1
256,France,Olivier Giroud,Chelsea,Premier League
103,France,Ousmane Dembélé,Barcelona,La Liga
232,France,Paul Pogba,Manchester United,Premier League
136,France,Presnel Kimpembe,Paris Saint-Germain,Ligue 1
102,France,Samuel Umtiti,Barcelona,La Liga
330,France,Steve Mandanda,Marseille,Ligue 1
292,France,Steven Nzonzi,Sevilla,La Liga
184,France,Thomas Lemar,Monaco,Ligue 1
261,Germany,Antonio Rüdiger,Chelsea,Premier League
427,Germany,Jonas Hector,1. FC Köln,Bundesliga
249,Germany,Joshua Kimmich,Bayern Munich,Bundesliga
363,Germany,Julian Brandt,Bayer Leverkusen,Bundesliga
144,Germany,Julian Draxler,Paris Saint-Germain,Ligue 1
248,Germany,Jérôme Boateng,Bayern Munich,Bundesliga
145,Germany,Kevin Trapp,Paris Saint-Germain,Ligue 1
170,Germany,Leon Goretzka,Schalke 04,Bundesliga
244,Germany,Manuel Neuer,Bayern Munich,Bundesliga
108,Germany,Marc-André ter Stegen,Barcelona,La Liga
179,Germany,Marco Reus,Borussia Dortmund,Bundesliga
329,Germany,Mario Gómez,VfB Stuttgart,2. Bundesliga
270,Germany,Marvin Plattenhardt,Hertha BSC,Bundesliga
245,Germany,Mats Hummels,Bayern Munich,Bundesliga
37,Germany,Mesut Özil,Arsenal,Premier League
247,Germany,Niklas Süle,Bayern Munich,Bundesliga
94,Germany,Sami Khedira,Juventus,Serie A
250,Germany,Sebastian Rudy,Bayern Munich,Bundesliga
246,Germany,Thomas Müller,Bayern Munich,Bundesliga
326,Germany,Timo Werner,RB Leipzig,Bundesliga
208,Germany,İlkay Gündoğan,Manchester City,Premier League
371,Iceland,Albert Guðmundsson,PSV Eindhoven,Eredivisie
385,Iceland,Arnór Ingvi Traustason,Malmö,Allsvenskan
383,Iceland,Aron Gunnarsson,Cardiff City,EFL Championship
6,Iceland,Birkir Bjarnason,Aston Villa,Premier League
370,Iceland,Birkir Már Sævarsson,Valur,Úrvalsdeild karla (football)
376,Iceland,Björn Bergmann Sigurðarson,Rostov,Russian Premier League
322,Iceland,Emil Hallfreðsson,Udinese,Serie A
379,Iceland,Gylfi Sigurðsson,Everton,Premier League
369,Iceland,Hannes Þór Halldórsson,Randers,Danish Superliga
377,Iceland,Jóhann Berg Guðmundsson,Burnley,Premier League
375,Iceland,Ragnar Sigurðsson,Rostov,Russian Premier League
382,Iceland,Rúnar Alex Rúnarsson,Nordsjælland,Danish Superliga
374,Iceland,Sverrir Ingi Ingason,Rostov,Russian Premier League
155,Iran,Alireza Jahanbakhsh,AZ,Eredivisie
156,Iran,Ashkan Dejagah,Nottingham Forest,EFL Championship
150,Iran,Ehsan Hajsafi,Olympiacos,Super League Greece
151,Iran,Karim Ansarifard,Olympiacos,Super League Greece
152,Iran,Masoud Shojaei,AEK Athens,Super League Greece
149,Iran,Mehdi Torabi,Saipa,Persian Gulf Pro League
51,Iran,Milad Mohammadi,Akhmat Grozny,Russian Premier League
153,Iran,Mohammad Rashid Mazaheri,Zob Ahan,Persian Gulf Pro League
154,Iran,Mohammad Reza Khanzadeh,Padideh,Persian Gulf Pro League
423,Japan,Gōtoku Sakai,Hamburger SV,2. Bundesliga
333,Japan,Hiroki Sakai,Marseille,Ligue 1
455,Japan,Hotaru Yamaguchi,Cerezo Osaka,J1 League
433,Japan,Keisuke Honda,Pachuca,Liga MX
472,Japan,Kosuke Nakamura,Kashiwa Reysol,J2 League
221,Japan,Maya Yoshida,Southampton,Premier League
471,Japan,Ryota Oshima,Kawasaki Frontale,J1 League
181,Japan,Shinji Kagawa,Borussia Dortmund,Bundesliga
230,Japan,Shinji Okazaki,Leicester City,Premier League
274,Japan,Tomoaki Makino,Urawa Red Diamonds,J1 League
273,Japan,Wataru Endo,Urawa Red Diamonds,J1 League
388,Japan,Yoshinori Muto,Mainz 05,Bundesliga
74,Japan,Yuto Nagatomo,Galatasaray,Süper Lig
428,Japan,Yuya Osako,1. FC Köln,Bundesliga
434,Mexico,Alfredo Talavera,Toluca,Liga MX
407,Mexico,Andrés Guardado,Real Betis,La Liga
9,Mexico,Carlos Vela,Los Angeles FC,Major League Soccer
436,Mexico,Edson Álvarez,América,Liga MX
372,Mexico,Hirving Lozano,PSV Eindhoven,Eredivisie
345,Mexico,Hugo Ayala,UANL,Liga MX
123,Mexico,Héctor Herrera,Porto,Primeira Liga
346,Mexico,Javier Aquino,UANL,Liga MX
197,Mexico,Javier Hernández,West Ham United,Premier League
438,Mexico,Jesús Gallardo,UNAM,Liga MX
124,Mexico,Jesús Manuel Corona,Porto,Primeira Liga
429,Mexico,José de Jesús Corona,Cruz Azul,Liga MX
295,Mexico,Miguel Layún,Sevilla,La Liga
435,Mexico,Oribe Peralta,América,Liga MX
430,Mexico,Rafael Márquez,Atlas,Liga MX
431,Mexico,Érick Gutiérrez,Pachuca,Liga MX
167,Morocco,Amine Harit,Schalke 04,Bundesliga
160,Morocco,Hakim Ziyech,Ajax,Eredivisie
157,Morocco,Hamza Mendyl,Lille,Ligue 1
87,Morocco,Medhi Benatia,Juventus,Serie A
166,Morocco,Nabil Dirar,Fenerbahçe,Süper Lig
158,Morocco,Romain Saïss,Wolverhampton Wanderers,Premier League
112,Morocco,Yassine Bounou,Girona,Segunda División
73,Morocco,Younès Belhanda,Galatasaray,Süper Lig
164,Morocco,Youssef Aït Bennasser,Caen,Ligue 2
49,Nigeria,Ahmed Musa,CSKA Moscow,Russian Premier League
35,Nigeria,Alex Iwobi,Arsenal,Premier League
392,Nigeria,Chidozie Awaziem,Nantes,Ligue 1
288,Nigeria,Francis Uzoho,Deportivo La Coruña,Segunda División
386,Nigeria,Ikechukwu Ezenwa,Enyimba,Nigerian Professional Football League
348,Nigeria,Joel Obi,Torino,Serie A
389,Nigeria,John Obi Mikel,Tianjin TEDA,Chinese Super League
391,Nigeria,John Ogu,Hapoel Be'er Sheva,Israeli Premier League
226,Nigeria,Kelechi Iheanacho,Leicester City,Premier League
41,Nigeria,Kenneth Omeruo,Kasımpaşa,Süper Lig
387,Nigeria,Leon Balogun,Mainz 05,Bundesliga
390,Nigeria,Ogenyi Onazi,Trabzonspor,Süper Lig
259,Nigeria,Victor Moses,Chelsea,Premier League
225,Nigeria,Wilfred Ndidi,Leicester City,Premier League
462,Panama,Erick Davis,Dunajská Streda,Slovak First Football League
461,Panama,Jaime Penedo,Dinamo București,Liga I
360,Panama,José Luis Rodríguez,Gent,Belgian First Division A
359,Panama,Ricardo Ávila,Gent,Belgian First Division A
337,Peru,Alberto Rodríguez,Atlético Junior,Categoría Primera A
338,Peru,Anderson Santamaría,Puebla,Liga MX
342,Peru,André Carrillo,Watford,Premier League
335,Peru,Christian Ramos,Veracruz,Liga MX
343,Peru,Edison Flores,AaB,Danish Superliga
69,Peru,Jefferson Farfán,Lokomotiv Moscow,Russian Premier League
339,Peru,Miguel Trauco,Flamengo,Campeonato Brasileiro Série A
340,Peru,Paolo Guerrero,Flamengo,Campeonato Brasileiro Série A
334,Peru,Pedro Gallese,Veracruz,Liga MX
341,Peru,Raúl Ruidíaz,Morelia,Liga MX
336,Peru,Wilder Cartagena,Veracruz,Liga MX
474,Poland,Artur Jędrzejczyk,Legia Warsaw,Ekstraklasa
298,Poland,Bartosz Białkowski,Ipswich Town,EFL League One
3,Poland,Grzegorz Krychowiak,West Bromwich Albion,EFL Championship
477,Poland,Jacek Góralski,Ludogorets Razgrad,First Professional Football League (Bulgaria)
460,Poland,Jakub Błaszczykowski,VfL Wolfsburg,Bundesliga
222,Poland,Jan Bednarek,Southampton,Premier League
189,Poland,Kamil Glik,Monaco,Ligue 1
282,Poland,Kamil Grosicki,Hull City,EFL Championship
71,Poland,Maciej Rybus,Lokomotiv Moscow,Russian Premier League
473,Poland,Michał Pazdan,Legia Warsaw,Ekstraklasa
252,Poland,Robert Lewandowski,Bayern Munich,Bundesliga
478,Poland,Sławomir Peszko,Lechia Gdańsk,Ekstraklasa
475,Poland,Thiago Cionek,SPAL,Serie A
96,Poland,Wojciech Szczęsny,Juventus,Serie A
451,Poland,Łukasz Fabiański,Swansea City,EFL Championship
182,Poland,Łukasz Piszczek,Borussia Dortmund,Bundesliga
414,Poland,Łukasz Teodorczyk,Anderlecht,Belgian First Division A
223,Portugal,Adrien Silva,Leicester City,Premier League
191,Portugal,André Silva,Milan,Serie A
215,Portugal,Anthony Lopes,Lyon,Ligue 1
199,Portugal,Bernardo Silva,Manchester City,Premier League
171,Portugal,Bruno Alves,Rangers,Scottish Premiership
131,Portugal,Bruno Fernandes,Sporting CP,Primeira Liga
219,Portugal,Cédric,Southampton,Premier League
132,Portugal,Gelson Martins,Sporting CP,Primeira Liga
217,Portugal,Gonçalo Guedes,Valencia,La Liga
183,Portugal,João Moutinho,Monaco,Ligue 1
196,Portugal,João Mário,West Ham United,Premier League
68,Portugal,Manuel Fernandes,Lokomotiv Moscow,Russian Premier League
172,Portugal,Pepe,Beşiktaş,Süper Lig
176,Portugal,Raphaël Guerreiro,Borussia Dortmund,Bundesliga
122,Portugal,Ricardo Pereira,Porto,Primeira Liga
173,Portugal,Ricardo Quaresma,Beşiktaş,Süper Lig
129,Portugal,Rui Patrício,Sporting CP,Primeira Liga
130,Portugal,William Carvalho,Sporting CP,Primeira Liga
47,Russia,Alan Dzagoev,CSKA Moscow,Russian Premier League
48,Russia,Aleksandr Golovin,CSKA Moscow,Russian Premier League
59,Russia,Aleksandr Yerokhin,Zenit Saint Petersburg,Russian Premier League
66,Russia,Aleksei Miranchuk,Lokomotiv Moscow,Russian Premier League
50,Russia,Andrei Semyonov,Akhmat Grozny,Russian Premier League
57,Russia,Andrey Lunyov,Zenit Saint Petersburg,Russian Premier League
67,Russia,Anton Miranchuk,Lokomotiv Moscow,Russian Premier League
56,Russia,Daler Kuzyayev,Zenit Saint Petersburg,Russian Premier League
52,Russia,Denis Cheryshev,Villarreal,La Liga
63,Russia,Fyodor Smolov,Krasnodar,Russian Premier League
44,Russia,Igor Akinfeev,CSKA Moscow,Russian Premier League
60,Russia,Igor Smolnikov,Zenit Saint Petersburg,Russian Premier League
45,Russia,Mário Fernandes,CSKA Moscow,Russian Premier League
46,Russia,Sergei Ignashevich,CSKA Moscow,Russian Premier League
58,Russia,Yuri Zhirkov,Zenit Saint Petersburg,Russian Premier League
62,Russia,Yury Gazinsky,Krasnodar,Russian Premier League
53,Saudi Arabia,Salem Al-Dawsari,Villarreal,La Liga
466,Senegal,Abdoulaye Diallo,Rennes,Ligue 1
165,Senegal,Adama Mbengue,Caen,Ligue 2
476,Senegal,Alfred Gomis,SPAL,Serie A
159,Senegal,Alfred N'Diaye,Wolverhampton Wanderers,Premier League
32,Senegal,Badou Ndiaye,Stoke City,EFL Championship
480,Senegal,Cheikh N'Doye,Birmingham City,EFL Championship
198,Senegal,Cheikhou Kouyaté,West Ham United,Premier League
467,Senegal,Diafra Sakho,Rennes,Ligue 1
381,Senegal,Idrissa Gueye,Everton,Premier League
468,Senegal,Ismaïla Sarr,Rennes,Ligue 1
415,Senegal,Kara Mbodji,Anderlecht,Belgian First Division A
190,Senegal,Keita Baldé,Monaco,Ligue 1
350,Senegal,M'Baye Niang,Torino,Serie A
31,Senegal,Mame Biram Diouf,Stoke City,EFL Championship
481,Senegal,Moussa Wagué,Eupen,Belgian First Division A
27,Senegal,Sadio Mané,Liverpool,Premier League
479,Senegal,Salif Sané,Hannover 96,2. Bundesliga
319,Senegal,Youssouf Sabaly,Bordeaux,Ligue 1
349,Serbia,Adem Ljajić,Torino,Serie A
353,Serbia,Aleksandar Kolarov,Roma,Serie A
417,Serbia,Aleksandar Mitrović,Fulham,EFL Championship
416,Serbia,Aleksandar Prijović,PAOK,Super League Greece
54,Serbia,Antonio Rukavina,Villarreal,La Liga
61,Serbia,Branislav Ivanović,Zenit Saint Petersburg,Russian Premier League
220,Serbia,Dušan Tadić,Southampton,Premier League
175,Serbia,Duško Tošić,Beşiktaş,Süper Lig
421,Serbia,Filip Kostić,Hamburger SV,2. Bundesliga
410,Serbia,Luka Milivojević,Crystal Palace,Premier League
384,Serbia,Marko Grujić,Cardiff City,EFL Championship
419,Serbia,Milan Rodić,Red Star Belgrade,Serbian SuperLiga
303,Serbia,Miloš Veljković,Werder Bremen,Bundesliga
234,Serbia,Nemanja Matić,Manchester United,Premier League
420,Serbia,Nemanja Radonjić,Red Star Belgrade,Serbian SuperLiga
368,Serbia,Nikola Milenković,Fiorentina,Serie A
418,Serbia,Predrag Rajković,Maccabi Tel Aviv,Israeli Premier League
148,Serbia,Sergej Milinković-Savić,Lazio,Serie A
412,Serbia,Uroš Spajić,Anderlecht,Belgian First Division A
456,South Korea,Go Yo-han,FC Seoul,K League 1
447,South Korea,Hong Chul,Sangju Sangmu,K League 1
366,South Korea,Hwang Hee-chan,Red Bull Salzburg,Austrian Football Bundesliga
440,South Korea,Jung Woo-young,Vissel Kobe,J1 League
448,South Korea,Ki Sung-yueng,Swansea City,EFL Championship
454,South Korea,Kim Jin-hyeon,Cerezo Osaka,J1 League
446,South Korea,Kim Min-woo,Sangju Sangmu,K League 1
439,South Korea,Kim Seung-gyu,Vissel Kobe,J1 League
442,South Korea,Kim Shin-wook,Jeonbuk Hyundai Motors,K League 1
453,South Korea,Kim Young-gwon,Guangzhou Evergrande,K League 1
443,South Korea,Lee Jae-sung,Jeonbuk Hyundai Motors,K League 1
441,South Korea,Lee Yong,Jeonbuk Hyundai Motors,K League 1
452,South Korea,Moon Seon-min,Incheon United,K League 1
445,South Korea,Park Joo-ho,Ulsan Hyundai,K League 1
307,South Korea,Son Heung-min,Tottenham Hotspur,Premier League
444,South Korea,Yun Young-sun,Seongnam FC,K League 1
100,Spain,Andrés Iniesta,Barcelona,La Liga
254,Spain,César Azpilicueta,Chelsea,Premier League
200,Spain,David Silva,Manchester City,Premier League
231,Spain,David de Gea,Manchester United,Premier League
79,Spain,Diego Costa,Atlético Madrid,La Liga
98,Spain,Gerard Piqué,Barcelona,La Liga
126,Spain,Iago Aspas,Celta Vigo,La Liga
101,Spain,Jordi Alba,Barcelona,La Liga
253,Spain,Kepa Arrizabalaga,Athletic Bilbao,La Liga
78,Spain,Koke,Atlético Madrid,La Liga
34,Spain,Nacho Monreal,Arsenal,Premier League
218,Spain,Rodrigo,Valencia,La Liga
77,Spain,Saúl,Atlético Madrid,La Liga
99,Spain,Sergio Busquets,Barcelona,La Liga
242,Spain,Thiago,Bayern Munich,Bundesliga
422,Sweden,Albin Ekdal,Hamburger SV,2. Bundesliga
64,Sweden,Andreas Granqvist,Krasnodar,Russian Premier League
327,Sweden,Emil Forsberg,RB Leipzig,Bundesliga
399,Sweden,Emil Krafth,Bologna,Serie A
398,Sweden,Filip Helander,Bologna,Serie A
426,Sweden,Jimmy Durmaz,Toulouse,Ligue 1
457,Sweden,John Guidetti,Alavés,La Liga
450,Sweden,Kristoffer Nordfeldt,Swansea City,EFL Championship
304,Sweden,Ludwig Augustinsson,Werder Bremen,Bundesliga
449,Sweden,Martin Olsson,Swansea City,EFL Championship
285,Sweden,Mikael Lustig,Celtic,Scottish Premiership
425,Sweden,Ola Toivonen,Toulouse,Ligue 1
458,Sweden,Pontus Jansson,Leeds United,EFL Championship
301,Sweden,Robin Olsen,Copenhagen,Danish Superliga
281,Sweden,Sebastian Larsson,Hull City,EFL Championship
235,Sweden,Victor Lindelöf,Manchester United,Premier League
65,Sweden,Viktor Claesson,Krasnodar,Russian Premier League
397,Switzerland,Blerim Džemaili,Bologna,Serie A
169,Switzerland,Breel Embolo,Schalke 04,Bundesliga
290,Switzerland,Fabian Schär,Deportivo La Coruña,Segunda División
424,Switzerland,François Moubandje,Toulouse,Ligue 1
36,Switzerland,Granit Xhaka,Arsenal,Premier League
177,Switzerland,Manuel Akanji,Borussia Dortmund,Bundesliga
355,Switzerland,Mario Gavranović,Dinamo Zagreb,Croatian First Football League
194,Switzerland,Ricardo Rodríguez,Milan,Serie A
178,Switzerland,Roman Bürki,Borussia Dortmund,Bundesliga
93,Switzerland,Stephan Lichtsteiner,Juventus,Serie A
357,Switzerland,Steven Zuber,1899 Hoffenheim,Bundesliga
323,Switzerland,Valon Behrami,Udinese,Serie A
29,Switzerland,Xherdan Shaqiri,Stoke City,EFL Championship
325,Switzerland,Yvon Mvogo,RB Leipzig,Bundesliga
17,Tunisia,Ali Maâloul,Al Ahly,Egyptian Premier League
470,Tunisia,Bassem Srarfi,Nice,Ligue 1
361,Tunisia,Dylan Bronn,Gent,Belgian First Division A
469,Tunisia,Ellyes Skhiri,Montpellier,Ligue 1
20,Tunisia,Hamdi Nagguez,Zamalek,Egyptian Premier League
464,Tunisia,Rami Bedoui,Étoile du Sahel,Tunisian Ligue Professionnelle 1
42,Tunisia,Syam Ben Youssef,Kasımpaşa,Süper Lig
465,Tunisia,Wahbi Khazri,Rennes,Ligue 1
463,Tunisia,Yassine Meriah,CS Sfaxien,"Ligue1, LP1"
229,Tunisia,Yohan Benalouane,Leicester City,Premier League
84,Uruguay,Carlos Sánchez,Monterrey,Liga MX
111,Uruguay,Cristhian Stuani,Girona,Segunda División
76,Uruguay,Diego Godín,Atlético Madrid,La Liga
135,Uruguay,Edinson Cavani,Paris Saint-Germain,Ligue 1
72,Uruguay,Fernando Muslera,Galatasaray,Süper Lig
115,Uruguay,Gastón Silva,Independiente,Argentine Primera División
85,Uruguay,Jonathan Urretaviscaya,Monterrey,Liga MX
75,Uruguay,José Giménez,Atlético Madrid,La Liga
97,Uruguay,Luis Suárez,Barcelona,La Liga
114,Uruguay,Martín Campaña,Independiente,Argentine Primera División
147,Uruguay,Martín Cáceres,Lazio,Serie A
117,Uruguay,Matías Vecino,Inter Milan,Serie A
125,Uruguay,Maxi Gómez,Celta Vigo,La Liga
121,Uruguay,Maxi Pereira,Porto,Primeira Liga
86,Uruguay,Rodrigo Bentancur,Juventus,Serie A
128,Uruguay,Sebastián Coates,Sporting CP,Primeira Liga
